From Date,PM2.5 (ug/m3),PM10 (ug/m3),NO (ug/m3),NO2 (ug/m3),NOx (ppb),NH3 (ug/m3),SO2 (ug/m3),CO (mg/m3),Ozone (ug/m3),Benzene (ug/m3),Toluene (ug/m3),Eth-Benzene (ug/m3),MP-Xylene (ug/m3),O Xylene (ug/m3),RH (%),WS (m/s),WD (degree),SR (W/mt2),BP (mmHg),Xylene (ug/m3),AT (degree C),RF (mm)
2022-04-19,35.91466666666667,83.65666666666667,6.9399999999999995,9.371999999999998,16.714000000000002,15.782,24.153333333333332,0.3446666666666667,16.476666666666667,0.47933333333333333,,0.4126666666666667,0.464,,66.0,1.352,204.21,0.0,,,26.77266666666667,0.0
2022-04-20,25.21166666666667,54.5225,5.610416666666667,9.953333333333333,15.491666666666667,9.597083333333334,22.995833333333334,0.33749999999999997,28.436363636363637,0.4708333333333334,,0.4041666666666666,0.45541666666666664,,89.16916666666667,1.0450000000000002,163.31875,0.0,,,18.951666666666664,0.55125
2022-04-21,20.565833333333334,46.87416666666667,5.677916666666667,7.692083333333334,13.694166666666668,10.921666666666667,23.010416666666668,0.30083333333333334,18.25764705882353,0.42250000000000004,,0.36166666666666664,0.4075,,75.36958333333332,0.895,201.2179166666667,0.0,,,23.01625,0.0
2022-04-22,27.38625,55.17541666666667,6.265833333333333,10.873333333333333,17.083333333333332,11.200000000000001,23.0725,0.42375,8.947142857142858,0.5933333333333334,,0.5091666666666667,0.57125,,90.80416666666667,0.6766666666666667,163.02,0.0,,,21.08375,0.2708333333333333
2022-04-23,31.21666666666667,68.6125,6.517083333333333,8.117083333333333,15.103333333333333,12.576666666666666,23.64,0.35250000000000004,14.383888888888887,0.49500000000000005,,0.42124999999999996,0.47541666666666665,,79.91375000000001,1.1225,196.70000000000002,0.0,,,24.066666666666666,0.0
2022-04-24,39.26208333333333,107.02666666666666,6.798749999999999,8.959166666666667,16.174166666666668,13.314583333333333,25.01625,0.325,20.618333333333336,0.45541666666666664,,0.39083333333333337,0.43875,,70.05166666666666,1.2245833333333334,194.48375,0.0,,,26.268333333333334,0.0016666666666666668
2022-04-25,38.1175,107.95916666666666,7.085416666666667,8.128333333333334,15.822083333333333,13.653333333333334,26.571250000000003,0.29958333333333337,27.02208333333333,0.42083333333333334,,0.35874999999999996,0.40625,,66.50833333333334,1.3391666666666666,227.78375000000003,0.0,,,26.617500000000003,0.00375
2022-04-26,50.094166666666666,117.72166666666668,7.466666666666666,8.779583333333333,16.867916666666666,14.26375,27.476249999999997,0.35541666666666666,20.650000000000002,0.4975,,0.4254166666666667,0.4795833333333333,,69.47333333333334,1.1166666666666667,193.21791666666664,0.0,,,26.654583333333335,0.0
2022-04-27,33.9075,79.14750000000001,7.0545,8.867999999999999,16.3965,12.856,27.053500000000003,0.28650000000000003,29.934500000000003,0.404,,0.344,0.3885,,68.449,1.2165,169.748,0.0,,,26.395,0.23850000000000002
2022-04-28,,,,,,,,,,,,,,,,,,,,,,
2022-04-29,55.04333333333333,131.68916666666667,10.200833333333334,9.786666666666667,19.33230769230769,18.171666666666667,27.2225,0.3915384615384615,29.52916666666667,0.5476923076923077,,0.5116666666666666,0.5725,,60.87416666666667,1.2908333333333333,213.56166666666664,0.0,,,29.790833333333335,0.0
2022-04-30,26.050833333333333,54.66,6.2004166666666665,9.520416666666668,15.862499999999999,10.700000000000001,26.335416666666664,0.29458333333333336,48.120416666666664,0.41291666666666665,,0.3529166666666667,0.39749999999999996,,78.01916666666666,1.3550000000000002,184.4366666666667,0.0,,,23.05541666666667,0.5795833333333333
2022-05-01,19.896666666666665,42.739583333333336,5.595,8.5975,14.362083333333333,8.008750000000001,25.011666666666667,0.27958333333333335,32.61833333333333,0.39083333333333337,,0.3329166666666667,0.3758333333333333,,83.26541666666667,0.9354166666666667,130.07541666666665,0.0,,,21.818749999999998,0.23750000000000002
2022-05-02,26.102083333333336,60.20666666666667,5.519166666666667,10.845833333333333,16.135,7.855,25.160416666666666,0.3545833333333333,38.62791666666667,0.4975,,0.42625,0.48,,84.02291666666666,0.8420833333333334,161.05833333333334,0.0,,,21.805000000000003,0.10291666666666667
2022-05-03,27.276666666666667,59.69777777777777,5.528888888888889,8.159444444444444,13.902777777777779,8.415555555555555,25.082222222222224,0.31055555555555553,34.21944444444445,0.4305555555555556,,0.37,0.4172222222222222,,80.40166666666667,1.031111111111111,149.70166666666668,0.0,,,22.971111111111114,0.4872222222222222
2022-05-04,,,,,,,,,,,,,,,,,,,,,,
2022-05-05,,,,,,,,,,,,,,,,,,,,,,
2022-05-06,,,,,,,,,,,,,,,,,,,,,,
2022-05-07,,,,,,,,,,,,,,,,,,,,,,
2022-05-08,,,,,,,,,,,,,,,,,,,,,,
2022-05-09,,,,,,,,,,,,,,,,,,,,,,
2022-05-10,,,,,,,,,,,,,,,,,,,,,,
2022-05-11,13.128333333333332,27.361428571428572,6.2375,7.715,14.41375,12.96125,25.325,0.2825,11.284,0.39625,,0.34125,0.38375000000000004,,90.945,0.9975,208.28,0.0,,,22.77375,0.8825
2022-05-12,14.440416666666666,24.72583333333333,5.979583333333333,8.724583333333333,14.964583333333335,11.5875,26.6875,0.27791666666666665,6.734347826086958,0.38875,,0.33375,0.3758333333333333,,96.44916666666667,0.8020833333333334,138.82125,0.0,,,21.72583333333333,1.0520833333333333
2022-05-13,25.189166666666665,45.54416666666666,7.154166666666666,9.421666666666667,17.03375,11.7875,26.871666666666666,0.42250000000000004,1.3022222222222224,0.5912499999999999,,0.5075,0.5704166666666667,,95.47125,0.6270833333333333,104.43624999999999,0.0,,,22.51625,0.21875
2022-05-14,24.08458333333333,40.975833333333334,6.164166666666667,9.87,16.137083333333333,11.465833333333334,26.411666666666665,0.40041666666666664,6.522857142857143,0.5583333333333333,,0.48,0.5404166666666667,,96.96708333333333,0.9387500000000001,115.96458333333334,0.0,,,21.3575,0.3745833333333333
2022-05-15,20.293333333333333,36.981249999999996,6.0616666666666665,8.635833333333332,14.977083333333333,11.485,26.61916666666667,0.34125,3.8674999999999997,0.47750000000000004,,0.41,0.4608333333333334,,93.57541666666667,0.8754166666666667,111.09583333333335,0.0,,,21.981666666666666,0.15333333333333335
2022-05-16,17.74833333333333,47.09833333333333,6.214583333333334,9.272499999999999,15.715416666666668,12.687083333333334,27.130416666666665,0.34375,11.917619047619048,0.4795833333333333,,0.41250000000000003,0.46416666666666667,,88.86541666666666,0.8475,129.47625,0.0,,,23.2375,0.125
2022-05-17,16.4375,39.5725,6.062083333333334,10.030833333333334,16.15458333333333,11.469999999999999,26.999583333333334,0.3520833333333333,11.724444444444444,0.4925,,0.42250000000000004,0.4741666666666666,,94.35041666666666,0.8920833333333333,162.72625,0.0,,,21.091666666666665,0.5404166666666667
2022-05-18,20.36375,36.90083333333333,5.879583333333334,9.59625,15.552916666666667,10.125416666666666,26.396666666666665,0.39208333333333334,12.766,0.5479166666666667,,0.47,0.5295833333333334,,96.05583333333334,0.8725,180.93916666666667,0.0,,,20.305416666666666,0.5554166666666667
2022-05-19,18.776190476190475,40.92190476190476,5.497619047619048,8.81904761904762,14.30142857142857,9.699523809523809,26.25238095238095,0.3333333333333333,24.923333333333336,0.46761904761904766,,0.40238095238095234,0.4519047619047619,,92.46761904761904,0.9276190476190477,195.89714285714285,0.0,,,20.972857142857144,0.5723809523809524
2022-05-20,22.03,64.54333333333334,5.82,9.385833333333332,15.265,12.789583333333333,27.874583333333334,0.38458333333333333,18.435625,0.5395833333333333,,0.4633333333333333,0.5204166666666666,,81.15875,0.7666666666666667,200.03916666666666,0.0,,,24.28,0.041666666666666664
2022-05-21,17.679583333333333,48.77458333333333,5.578333333333333,7.385833333333333,13.27625,12.391666666666666,28.5525,0.2625,18.557222222222222,0.36833333333333335,,0.315,0.35375,,81.51625,1.0133333333333334,195.61208333333332,0.0,,,23.65125,0.03125
2022-05-22,15.839166666666666,42.35125,4.962916666666667,7.254166666666666,12.390416666666667,12.311666666666667,29.35875,0.22666666666666668,17.807727272727274,0.31666666666666665,,0.27166666666666667,0.30541666666666667,,80.33416666666666,1.1404166666666666,193.92166666666665,0.0,,,24.265833333333333,0.17041666666666666
2022-05-23,25.34166666666667,76.82041666666667,4.29375,7.9425,12.107916666666666,13.472499999999998,30.612083333333334,0.2604166666666667,11.577619047619047,0.3670833333333334,,0.3125,0.3520833333333333,,75.57958333333333,1.0225,146.29916666666665,0.0,,,25.965416666666666,0.0
2022-05-24,21.716250000000002,67.67875,3.42625,8.143749999999999,11.185,14.132083333333334,32.187916666666666,0.24333333333333332,10.077916666666667,0.34,,0.2916666666666667,0.32875,,72.1675,0.9920833333333333,178.19125,0.0,,,27.232083333333335,0.007916666666666667
2022-05-25,17.299583333333334,48.21333333333333,2.9287500000000004,8.73625,11.061666666666667,12.812916666666666,31.87375,0.2525,8.994117647058824,0.3529166666666667,,0.3016666666666667,0.33916666666666667,,89.01041666666667,0.98375,180.09208333333333,0.0,,,23.851666666666663,0.19875
2022-05-26,19.643333333333334,56.882083333333334,2.4295833333333334,7.661666666666666,9.529166666666667,11.580833333333333,30.270833333333332,0.23416666666666666,15.374583333333334,0.32958333333333334,,0.2820833333333333,0.3179166666666667,,81.31583333333333,1.2083333333333333,191.10708333333332,0.0,,,24.50375,0.04041666666666667
2022-05-27,29.094166666666666,94.18333333333334,2.004583333333333,8.190416666666666,9.417916666666667,12.17375,31.14708333333333,0.27,17.077916666666667,0.37833333333333335,,0.325,0.365,,75.61916666666667,0.9070833333333334,178.84208333333333,0.0,,,25.44666666666667,0.0
2022-05-28,28.94125,87.39833333333333,1.7929166666666667,7.839583333333334,8.836666666666668,13.074583333333335,32.407916666666665,0.24916666666666668,22.601249999999997,0.34875000000000006,,0.29875,0.3358333333333334,,71.58083333333333,1.0891666666666666,214.595,0.0,,,26.352083333333336,0.0275
2022-05-29,35.263333333333335,91.13083333333333,1.8316666666666668,7.932083333333334,8.972916666666666,13.076666666666666,32.79458333333333,0.30291666666666667,14.642173913043477,0.4245833333333333,,0.36375,0.41,,74.73125,0.8529166666666667,196.93875,0.0,,,26.471666666666664,0.0
2022-05-30,23.74083333333333,51.06041666666667,2.0524999999999998,8.666666666666666,9.853333333333333,13.507083333333334,32.83958333333333,0.32541666666666663,9.761052631578949,0.45458333333333334,,0.38875,0.4383333333333333,,85.57333333333334,0.8179166666666666,153.55583333333334,0.0,,,24.792916666666667,0.4970833333333333
2022-05-31,20.892500000000002,68.70541666666666,2.3108333333333335,8.689583333333333,10.219583333333334,13.07625,32.5225,0.32375000000000004,12.003333333333334,0.455,,0.38833333333333336,0.4379166666666667,,81.11749999999999,0.75,164.01624999999999,0.0,,,26.0825,0.034583333333333334
2022-06-01,15.715833333333334,48.21208333333333,2.4279166666666665,7.924166666666667,9.725,13.506666666666668,33.64041666666667,0.285,14.756428571428572,0.39958333333333335,,0.3425,0.385,,82.0775,0.9825,147.54541666666668,0.0,,,26.109583333333333,0.2333333333333333
2022-06-02,9.802173913043477,25.59173913043478,2.384583333333333,7.242916666666666,9.120833333333334,11.42,32.54958333333333,0.23958333333333334,12.311818181818182,0.3358333333333334,,0.2866666666666667,0.3229166666666667,,88.49874999999999,0.9583333333333334,173.48166666666668,0.0,,,24.56458333333333,0.6745833333333334
2022-06-03,13.5755,38.168695652173916,2.4525,7.364999999999999,9.327916666666667,11.312083333333334,32.288333333333334,0.23166666666666666,14.519583333333335,0.325,,0.27791666666666665,0.3129166666666667,,86.19749999999999,1.0566666666666666,172.3575,0.0,,,25.067916666666665,0.19500000000000003
2022-06-04,16.090416666666666,53.447916666666664,2.703333333333333,7.430833333333333,9.654583333333333,11.937916666666666,31.830833333333334,0.2725,11.779583333333333,0.37958333333333333,,0.32708333333333334,0.3666666666666667,,83.60833333333333,0.9570833333333333,180.49125,0.0,,,25.049166666666665,0.0
2022-06-05,17.637916666666666,53.24125,2.685833333333333,6.521666666666667,8.904166666666667,11.955416666666666,32.882083333333334,0.2225,14.104347826086956,0.3125,,0.26791666666666664,0.30083333333333334,,79.69583333333334,1.135,192.26416666666668,0.0,,,25.42958333333333,0.015833333333333335
2022-06-06,21.15791666666667,69.72791666666667,2.877083333333333,6.36625,9.014166666666666,14.5875,33.7075,0.22125000000000003,7.86095238095238,0.3104166666666667,,0.2658333333333333,0.29833333333333334,,74.84208333333333,1.1020833333333333,193.94875,0.0,,,27.22875,0.0
2022-06-07,26.237083333333334,77.19875,2.893333333333333,6.51875,9.088333333333333,14.195,35.34583333333333,0.22666666666666668,11.916111111111112,0.31708333333333333,,0.2704166666666667,0.30624999999999997,,71.69958333333334,1.05,197.76250000000002,0.0,,,28.101249999999997,0.00125
2022-06-08,21.363333333333333,64.31791666666668,2.8275,6.592083333333334,9.054583333333333,13.686666666666667,36.1475,0.215,14.430416666666666,0.30041666666666667,,0.2558333333333333,0.28875,,76.14,1.3270833333333334,191.46541666666667,0.0,,,27.68958333333333,0.0
2022-06-09,26.90875,72.70833333333333,2.9095833333333334,7.2491666666666665,9.71625,13.394166666666665,36.40291666666666,0.2725,13.45409090909091,0.38208333333333333,,0.32666666666666666,0.36874999999999997,,75.88333333333334,1.09125,185.29125,0.0,,,27.694166666666664,0.0
2022-06-10,21.029166666666665,53.875,2.8991666666666664,6.135833333333333,8.769583333333333,13.062916666666666,36.39875,0.2316666666666667,12.082272727272727,0.32458333333333333,,0.2775,0.31083333333333335,,76.98583333333333,1.2420833333333334,222.27874999999997,0.0,,,26.870416666666667,0.0033333333333333335
2022-06-11,21.1975,61.300000000000004,2.8691666666666666,6.845416666666666,9.402916666666668,11.63125,34.97666666666667,0.23375,16.851666666666667,0.3283333333333333,,0.2804166666666667,0.31625,,77.47416666666666,0.9391666666666666,209.01666666666668,0.0,,,26.452083333333334,0.028333333333333335
2022-06-12,25.539583333333336,65.425,2.94375,6.568333333333334,9.245,11.876666666666667,36.08541666666667,0.25916666666666666,13.746190476190478,0.3625,,0.31124999999999997,0.35000000000000003,,76.62041666666667,1.00125,195.17416666666668,0.0,,,26.592916666666667,0.017083333333333332
2022-06-13,21.1275,60.685833333333335,2.9345833333333338,7.315833333333333,9.8575,10.780416666666667,35.82458333333333,0.2658333333333333,16.82125,0.37125,,0.3183333333333333,0.3575,,81.34666666666666,1.1824999999999999,205.04333333333332,0.0,,,24.990416666666665,0.06
2022-06-14,23.427083333333332,55.9675,2.9516666666666667,8.137916666666667,10.584999999999999,9.992916666666668,34.531666666666666,0.30291666666666667,10.342916666666666,0.4245833333333333,,0.3641666666666667,0.4091666666666667,,84.24458333333332,0.6804166666666666,173.72,0.0,,,24.105416666666667,0.05666666666666667
2022-06-15,17.718333333333334,39.0675,3.1183333333333336,9.455833333333333,11.893333333333333,10.291666666666666,33.782916666666665,0.36166666666666664,7.484285714285714,0.50625,,0.43291666666666667,0.4870833333333333,,89.95208333333333,0.6141666666666666,171.52458333333334,0.0,,,23.30875,0.1758333333333333
2022-06-16,17.444166666666664,43.421666666666674,3.4516666666666667,8.800833333333333,11.735,11.275,33.11541666666667,0.33708333333333335,7.047777777777778,0.4704166666666667,,0.40208333333333335,0.45375000000000004,,89.10583333333334,0.5883333333333333,164.86291666666668,0.0,,,23.99208333333333,0.08750000000000001
2022-06-17,9.374583333333334,20.732916666666668,3.3833333333333333,9.365833333333333,12.111666666666666,9.428749999999999,33.29291666666666,0.22708333333333333,9.795652173913044,0.3179166666666667,,0.27125,0.30624999999999997,,92.21458333333334,1.0920833333333333,167.03916666666666,0.0,,,22.23625,0.27625
2022-06-18,5.65125,9.895,3.4595833333333332,8.149583333333334,11.15875,8.232916666666666,32.74166666666667,0.19041666666666668,4.733,0.2654166666666667,,0.22916666666666666,0.25666666666666665,,99.14583333333333,0.7695833333333333,152.56875,0.0,,,20.99625,0.6425
2022-06-19,6.058260869565218,13.65090909090909,3.4716666666666662,6.838333333333334,10.089583333333334,8.891666666666667,33.27625,0.19333333333333333,11.020714285714286,0.26958333333333334,,0.2316666666666667,0.26125,,94.085,0.77875,173.49749999999997,0.0,,,22.724166666666665,0.29291666666666666
2022-06-20,5.689,21.76590909090909,3.4258333333333333,6.971666666666667,10.156666666666666,10.000833333333334,34.05375,0.18833333333333335,5.48125,0.26625,,0.22666666666666666,0.2541666666666667,,89.64541666666666,0.89,156.67791666666668,0.0,,,23.831666666666667,0.24583333333333335
2022-06-21,7.492083333333333,52.90894736842105,3.42625,6.590416666666667,9.8475,11.8275,34.962916666666665,0.1775,8.690909090909091,0.24833333333333332,,0.21291666666666667,0.23875000000000002,,79.14291666666666,0.9458333333333333,185.00375,0.0,,,26.484583333333333,0.0
2022-06-22,6.758695652173913,42.68833333333333,3.4804166666666667,6.78375,10.11375,12.578333333333333,36.864583333333336,0.19708333333333336,5.464444444444444,0.27666666666666667,,0.23708333333333334,0.26666666666666666,,83.44208333333334,0.99125,190.76666666666665,0.0,,,26.12875,0.29916666666666664
2022-06-23,7.033571428571428,26.589166666666667,3.329166666666667,6.302499999999999,9.53625,10.771666666666667,36.677083333333336,0.15666666666666668,7.106521739130434,0.21875,,0.18708333333333335,0.21333333333333335,,84.07875,1.0008333333333332,193.9595833333333,0.0,,,25.235416666666666,0.5691666666666667
2022-06-24,7.422499999999999,23.11,3.33,5.0875,8.502500000000001,9.7025,35.3525,0.14500000000000002,1.9849999999999999,0.2,,0.17250000000000001,0.1925,,90.065,0.4975,149.4625,0.0,,,23.1675,0.005
2022-06-25,,,,,,,,,,,,,,,,,,,,,,
2022-06-26,,,,,,,,,,,,,,,,,,,,,,
2022-06-27,,,,,,,,,,,,,,,,,,,,,,
2022-06-28,,,,,,,,,,,,,,,,,,,,,,
2022-06-29,1.8166666666666667,10.406363636363636,3.501818181818182,4.714545454545455,7.699166666666667,14.188181818181818,32.79272727272728,0.11333333333333334,4.59,0.15583333333333335,,0.14545454545454548,0.16727272727272727,,75.24818181818182,1.74,231.15454545454543,55.79083333333333,,,26.767272727272726,0.0
2022-06-30,3.9165217391304346,19.212500000000002,3.3800000000000003,4.885416666666667,8.400833333333333,7.1191666666666675,33.47,0.13083333333333333,1.5338461538461536,0.18458333333333332,,0.15958333333333333,0.18083333333333332,,76.46333333333334,1.2279166666666665,214.26041666666666,164.59083333333334,,,26.662499999999998,0.0
2022-07-01,5.218571428571429,26.659565217391304,3.3154166666666662,5.3825,8.68,5.399583333333333,33.96208333333333,0.14458333333333334,3.5436842105263158,0.20333333333333334,,0.17541666666666667,0.19708333333333336,,74.94041666666666,0.9812500000000001,204.47333333333333,171.4645833333333,,,27.67375,0.11291666666666667
2022-07-02,3.79125,16.867083333333333,3.420833333333333,6.079999999999999,9.439166666666667,4.734166666666667,33.69833333333333,0.16958333333333334,2.5083333333333333,0.235,,0.20375,0.22958333333333333,,87.89208333333333,0.8916666666666666,183.97,126.675,,,25.84,0.22291666666666665
2022-07-03,4.2475000000000005,25.867500000000003,3.393333333333333,5.59625,8.957083333333333,4.680833333333333,34.95333333333333,0.16916666666666666,7.3053333333333335,0.23791666666666667,,0.205,0.23083333333333333,,80.50291666666666,1.0583333333333333,194.14208333333332,219.63416666666663,,,27.165833333333335,0.0
2022-07-04,5.690434782608696,29.151666666666667,3.387916666666667,6.911666666666666,10.0825,5.058333333333334,34.71208333333333,0.24,7.595555555555555,0.3354166666666667,,0.28833333333333333,0.32458333333333333,,86.04916666666666,0.8179166666666666,180.65374999999997,155.54541666666668,,,26.174166666666668,0.08916666666666667
2022-07-05,9.9575,53.69416666666667,3.535833333333333,6.5025,9.900833333333333,4.676666666666667,34.92625,0.19958333333333333,4.068181818181818,0.27958333333333335,,0.24041666666666664,0.26833333333333337,,75.755,1.1966666666666665,150.39458333333332,217.60333333333335,,,28.317916666666665,0.0
2022-07-06,6.977727272727273,40.02375,3.395416666666667,6.202916666666667,9.464166666666666,4.71625,35.65,0.1775,4.526363636363636,0.24750000000000003,,0.21291666666666667,0.24041666666666664,,76.26833333333333,0.9975,190.8970833333333,187.42166666666665,,,28.134583333333335,0.036250000000000004
2022-07-07,4.446666666666666,35.715833333333336,3.40625,5.626666666666666,9.019166666666667,5.535833333333334,36.300000000000004,0.16541666666666668,3.1263636363636365,0.23124999999999998,,0.19875,0.22333333333333336,,74.11208333333333,1.0629166666666665,206.33875,224.66583333333332,,,29.124166666666667,0.0
2022-07-08,7.587727272727273,37.12708333333333,3.1845833333333338,7.004583333333334,9.84375,3.933636363636364,35.405,0.20333333333333334,12.887142857142859,0.28541666666666665,,0.2454166666666667,0.27666666666666667,,78.00833333333334,1.0491666666666666,195.05416666666667,185.9595833333333,,,27.359583333333333,0.15583333333333332
2022-07-09,12.022916666666667,45.32416666666666,3.1366666666666667,6.459166666666667,9.42375,1.3815,32.64125,0.24250000000000002,11.460833333333333,0.3383333333333333,,0.29,0.32625,,78.70541666666666,1.0358333333333334,135.38791666666665,215.0716666666667,,,27.647499999999997,0.005416666666666667
2022-07-10,,,,,,,,,,,,,,,,,,,,,,
2022-07-11,,,,,,,,,,,,,,,,,,,,,,
2022-07-12,,,,,,,,,,,,,,,,,,,,,,
2022-07-13,,,,,,,,,,,,,,,,,,,,,,
2022-07-14,15.74923076923077,89.96785714285714,6.9678571428571425,8.192857142857143,14.384666666666666,2.282142857142857,32.575,0.252,8.91,0.35333333333333333,,0.3242857142857143,0.3657142857142857,,67.33571428571429,1.5942857142857143,149.945,219.65466666666669,,,30.22357142857143,0.0
2022-07-15,14.718333333333334,63.77708333333334,3.485,6.547083333333333,9.904166666666667,1.5058823529411764,32.964999999999996,0.23083333333333333,6.182222222222222,0.3229166666666667,,0.27666666666666667,0.3125,,75.17958333333333,1.0650000000000002,155.48375000000001,182.5945833333333,,,28.0825,0.0
2022-07-16,13.036666666666667,51.89541666666667,3.439583333333333,6.6433333333333335,9.927916666666667,1.076470588235294,32.755,0.21916666666666665,4.228888888888889,0.3075,,0.26166666666666666,0.29625,,77.44166666666666,1.0825,148.7675,159.35666666666665,,,27.410416666666666,0.006250000000000001
2022-07-17,7.357083333333333,30.565833333333334,3.32375,5.205416666666667,8.60375,1.3955,33.60041666666667,0.18583333333333332,4.481818181818182,0.25833333333333336,,0.22166666666666668,0.2504166666666667,,71.24249999999999,1.2079166666666667,211.015,240.24958333333333,,,29.155,0.0
2022-07-18,1.3033333333333335,6.344285714285715,2.9842857142857144,4.258571428571429,7.452857142857143,0.29666666666666663,32.93857142857143,0.10571428571428572,1.028,0.14857142857142858,,0.1285714285714286,0.1442857142857143,,84.34857142857143,1.7185714285714284,273.4614285714286,8.74,,,24.78142857142857,0.07285714285714286
2022-07-19,13.171428571428573,31.114545454545453,3.345833333333333,5.904166666666666,9.1875,1.8941666666666668,31.771666666666665,0.19499999999999998,1.6633333333333333,0.2733333333333333,,0.23583333333333334,0.26333333333333336,,76.03333333333333,1.0616666666666668,189.42,140.97083333333333,,,27.16,0.047499999999999994
2022-07-20,7.591739130434782,31.5975,3.5087500000000005,5.742083333333333,9.255,1.3133333333333332,32.70791666666667,0.18875,3.0789999999999997,0.26458333333333334,,0.22416666666666665,0.25375,,79.53083333333333,1.0125,199.90125,173.0225,,,27.233333333333334,0.19791666666666666
2022-07-21,8.414545454545454,36.680416666666666,3.6870833333333333,6.026666666666667,9.721666666666666,0.6055555555555556,32.0575,0.22833333333333336,0.9899999999999999,0.32,,0.27375,0.3095833333333333,,86.47958333333334,0.7304166666666667,137.58541666666667,112.50333333333333,,,25.91125,0.2808333333333333
2022-07-22,10.832173913043478,57.65208333333333,3.950416666666667,6.207083333333333,10.209999999999999,0.5327272727272727,32.02166666666667,0.2504166666666667,3.792857142857143,0.35041666666666665,,0.3,0.33749999999999997,,82.35000000000001,0.9700000000000001,157.14875,155.29166666666666,,,26.700833333333335,0.08041666666666668
2022-07-23,9.000416666666666,59.11291666666667,3.938333333333333,6.266249999999999,10.210416666666667,0.10625,31.865,0.23666666666666666,0.5866666666666667,0.33,,0.2833333333333333,0.3183333333333333,,85.80375,1.0020833333333334,149.1775,97.83416666666666,,,25.48166666666667,0.14083333333333334
2022-07-24,7.565416666666667,34.31125,3.4758333333333336,5.2749999999999995,8.785,0.30666666666666664,31.915833333333335,0.18583333333333332,4.17,0.25833333333333336,,0.22124999999999997,0.2504166666666667,,83.28166666666667,0.9179166666666667,156.04999999999998,155.52791666666667,,,25.981666666666666,0.015416666666666667
2022-07-25,5.384583333333333,17.25375,3.5887499999999997,5.32125,8.9575,0.08666666666666667,31.69875,0.1991666666666667,1.3824999999999998,0.2783333333333333,,0.2383333333333333,0.26958333333333334,,93.33541666666667,0.8170833333333333,173.33166666666668,101.11958333333332,,,23.809583333333332,0.88
2022-07-26,8.704285714285714,36.124583333333334,3.939166666666667,4.8925,9.100416666666666,0.4657142857142857,32.00666666666667,0.19291666666666665,2.7283333333333335,0.26958333333333334,,0.2325,0.26125000000000004,,84.11083333333333,0.9216666666666667,170.93916666666667,185.39,,,25.56041666666667,0.0
2022-07-27,5.134545454545455,26.885833333333334,3.4254166666666666,4.6725,8.250416666666666,0.608,33.05375,0.14875,4.266,0.20750000000000002,,0.18041666666666667,0.2020833333333333,,75.21416666666666,0.9470833333333334,216.9779166666667,216.2195833333333,,,27.312083333333334,0.0
2022-07-28,9.076666666666666,38.641666666666666,3.4095833333333334,5.365416666666667,8.831249999999999,1.0776923076923077,33.90375,0.18333333333333335,5.048181818181818,0.25666666666666665,,0.22083333333333333,0.24833333333333332,,77.16833333333334,1.0333333333333334,192.8083333333333,190.38875,,,27.65625,0.015833333333333335
2022-07-29,9.381666666666666,31.134583333333335,3.3754166666666667,5.181666666666667,8.652916666666668,1.310625,34.48708333333333,0.17416666666666666,7.502,0.24291666666666667,,0.20875,0.2354166666666667,,75.03750000000001,1.0833333333333333,197.03083333333333,217.43541666666667,,,28.077916666666667,0.0
2022-07-30,13.203333333333333,19.634999999999998,3.3241666666666667,5.552083333333333,8.815,0.5411111111111111,33.214999999999996,0.17625000000000002,8.620625,0.24749999999999997,,0.21208333333333332,0.2383333333333333,,80.33958333333332,1.1479166666666667,211.79250000000002,129.68833333333333,,,26.027083333333334,0.04541666666666667
2022-07-31,11.878333333333332,,3.4608333333333334,5.164166666666667,8.65375,0.03333333333333333,32.30958333333333,0.165,2.485,0.23208333333333334,,0.1991666666666667,0.22541666666666668,,83.54791666666667,1.02125,210.32041666666666,97.66416666666667,,,24.87,0.03958333333333333
2022-08-01,14.230833333333331,,3.7420833333333334,5.620833333333334,9.420833333333333,0.572,32.5,0.21083333333333334,4.382000000000001,0.2970833333333333,,0.25375,0.28791666666666665,,78.9975,1.0758333333333334,181.06916666666666,169.91333333333333,,,26.335833333333337,0.0
2022-08-02,17.304583333333333,,3.401666666666667,5.5775,8.937916666666666,0.8116666666666666,33.52833333333333,0.18208333333333335,7.600666666666666,0.255,,0.21791666666666668,0.24666666666666667,,75.91208333333334,0.9233333333333333,185.63041666666666,196.71083333333334,,,28.02125,0.020416666666666666
2022-08-03,10.969583333333333,,3.7862500000000003,6.56375,10.275833333333333,0.27749999999999997,32.946666666666665,0.25875,0.88,0.36333333333333334,,0.3104166666666667,0.35041666666666665,,93.12041666666666,0.6108333333333333,141.02625,42.86041666666667,,,23.97083333333333,0.2504166666666667
2022-08-04,10.816666666666668,,4.028333333333333,5.646249999999999,9.815833333333332,0.586,33.108333333333334,0.22958333333333333,5.647,0.32083333333333336,,0.2758333333333333,0.30791666666666667,,77.35291666666667,0.9183333333333333,173.22666666666666,226.6341666666667,,,27.206666666666667,0.0
2022-08-05,9.740416666666667,,4.065,5.7875000000000005,9.989583333333334,0.63,33.59458333333333,0.21250000000000002,3.34,0.29750000000000004,,0.255,0.28625,,82.81208333333333,0.9579166666666666,130.89791666666667,143.2225,,,26.509583333333335,0.0425
2022-08-06,8.270416666666668,,3.842083333333333,5.84125,9.740833333333333,0.13,33.44083333333334,0.19583333333333333,2.715,0.27291666666666664,,0.23375,0.26291666666666663,,84.94041666666666,1.02125,114.07583333333334,153.63750000000002,,,25.98,0.17
2022-08-07,10.836086956521738,,3.6841666666666666,5.7683333333333335,9.466666666666667,0.488,33.94416666666667,0.18791666666666665,3.725454545454545,0.2629166666666667,,0.22624999999999998,0.25416666666666665,,75.9225,1.3566666666666667,135.7575,226.17958333333334,,,27.35083333333333,0.0
2022-08-08,8.826666666666666,,3.8091666666666666,6.194166666666667,10.009166666666667,0.03333333333333333,33.95083333333333,0.20541666666666666,1.74,0.28708333333333336,,0.24666666666666667,0.2783333333333333,,83.55416666666666,1.02,141.31833333333333,116.43833333333333,,,26.066666666666666,0.10833333333333334
2022-08-09,6.552916666666667,,3.57375,5.381666666666667,9.005833333333333,0.11666666666666665,34.06916666666667,0.16333333333333333,3.1381818181818186,0.22916666666666666,,0.19458333333333333,0.22041666666666668,,80.94208333333334,1.07125,165.17333333333332,175.9375,,,26.43958333333333,0.03
2022-08-10,14.759583333333333,122.45166666666667,4.587083333333333,6.914166666666667,11.589583333333332,0.515,34.306666666666665,0.27791666666666665,1.9133333333333333,0.38833333333333336,,0.33416666666666667,0.3754166666666667,,86.50166666666667,0.7999999999999999,164.21375,74.77791666666667,,,24.732083333333335,0.0020833333333333333
2022-08-11,12.498333333333333,46.73333333333333,3.764583333333334,5.68,9.52875,1.31875,35.70458333333333,0.24166666666666667,6.39,0.33708333333333335,,0.28958333333333336,0.3254166666666667,,74.42791666666666,1.0220833333333335,181.67999999999998,243.44333333333336,,,27.76875,0.0
2022-08-12,16.2975,51.465,3.7283333333333335,6.065416666666667,9.842916666666666,1.1888235294117648,37.1825,0.2604166666666667,5.373333333333333,0.3645833333333333,,0.3133333333333333,0.3520833333333333,,81.43375,0.9020833333333332,174.20791666666665,162.04833333333332,,,27.397916666666664,0.0
2022-08-13,6.951666666666667,43.61083333333334,3.5654166666666662,6.0687500000000005,9.608333333333333,0.469,36.58208333333334,0.1925,1.9525,0.2704166666666667,,0.23083333333333333,0.2579166666666667,,84.54416666666667,1.4508333333333334,119.64583333333333,117.935,,,25.342083333333335,0.18125000000000002
2022-08-14,4.395,30.794166666666666,3.28125,5.119583333333334,8.419583333333334,0.025,36.10375,0.1391666666666667,3.2192307692307693,0.19458333333333333,,0.16708333333333333,0.18708333333333335,,83.21916666666667,1.4525,129.10708333333335,188.15583333333333,,,25.52416666666667,0.15125
2022-08-15,5.828749999999999,21.768333333333334,3.2191666666666667,4.3175,7.725416666666667,0.22999999999999998,36.75208333333334,0.12583333333333332,2.586,0.17625000000000002,,0.15166666666666667,0.17208333333333334,,76.97666666666667,1.5391666666666666,216.45000000000002,230.51958333333334,,,26.81958333333333,0.0
2022-08-16,13.845833333333333,49.305416666666666,3.2100000000000004,5.219166666666667,8.51125,0.6833333333333333,37.79125,0.15208333333333332,3.41421052631579,0.21333333333333335,,0.18375,0.20875,,72.35791666666667,1.2533333333333332,239.20208333333335,194.16083333333333,,,27.40125,0.0
2022-08-17,21.135,74.105,3.919583333333333,6.4054166666666665,10.37125,1.0186666666666666,38.385,0.27375,7.651999999999999,0.38208333333333333,,0.32875,0.36916666666666664,,76.71541666666667,0.875,196.13791666666668,207.22458333333336,,,28.399583333333336,0.0
2022-08-18,16.114583333333332,63.151666666666664,4.11625,7.232500000000001,11.278333333333334,0.62,37.467083333333335,0.29375,0.21333333333333335,0.41291666666666665,,0.35250000000000004,0.39749999999999996,,87.68708333333332,0.9295833333333333,120.9575,56.68208333333333,,,24.89125,0.09041666666666666
2022-08-19,9.014999999999999,51.672083333333326,3.689583333333333,6.0275,9.660833333333334,0.05333333333333334,36.528749999999995,0.20541666666666666,1.0833333333333333,0.28583333333333333,,0.2454166666666667,0.27499999999999997,,84.02625,0.94375,131.20416666666668,106.8875,,,25.33458333333333,0.0725
2022-08-20,15.98782608695652,62.030833333333334,4.182916666666666,6.185833333333334,10.484583333333333,0.595,36.70791666666667,0.2541666666666667,3.15,0.3541666666666667,,0.30291666666666667,0.34208333333333335,,81.6125,0.7833333333333333,179.89958333333334,131.45208333333332,,,26.495833333333334,0.0
2022-08-21,14.123333333333333,45.31833333333333,4.122916666666667,6.216666666666666,10.439166666666667,0.351,37.44958333333333,0.29333333333333333,5.1000000000000005,0.40958333333333335,,0.3516666666666666,0.3954166666666667,,88.91666666666667,0.7095833333333333,167.11333333333332,122.84125,,,25.632083333333338,0.08875
2022-08-22,16.56086956521739,64.31,3.955416666666667,6.2775,10.239166666666668,2.0553846153846154,37.78125,0.2820833333333333,3.845,0.3941666666666666,,0.33958333333333335,0.3804166666666667,,84.53291666666667,0.7041666666666666,157.26541666666665,95.69291666666668,,,26.547916666666666,0.0
2022-08-23,13.556666666666667,67.5325,4.172916666666667,7.267083333333333,11.38,0.61,38.21125,0.27875,4.393,0.38958333333333334,,0.3329166666666667,0.37625,,83.44583333333334,1.1816666666666666,150.09625,126.22916666666667,,,25.99875,0.023333333333333334
2022-08-24,12.641304347826088,49.42041666666666,3.8533333333333335,6.014166666666667,9.949166666666667,0.9285714285714286,38.49916666666667,0.23375,7.2275,0.32708333333333334,,0.27999999999999997,0.315,,77.5525,0.9770833333333333,189.03416666666666,187.9466666666667,,,27.108333333333334,0.0
2022-08-25,10.35,46.66583333333333,3.515416666666667,5.762083333333333,9.29625,0.7515384615384615,40.096250000000005,0.19999999999999998,4.084444444444444,0.2804166666666667,,0.24083333333333334,0.27125,,77.78083333333333,1.1583333333333334,211.91,162.75708333333333,,,27.292083333333334,0.0
2022-08-26,12.774166666666666,47.479166666666664,3.3674999999999997,5.700833333333333,9.0875,1.0442857142857143,40.09041666666666,0.2125,3.688888888888889,0.29541666666666666,,0.25416666666666665,0.285,,76.88958333333333,1.1854166666666666,229.36333333333334,152.095,,,27.844583333333333,0.0
2022-08-27,16.872083333333332,44.89458333333334,3.4475,7.78875,10.9,0.13125,38.67583333333334,0.26625,4.0164285714285715,0.3741666666666667,,0.31875000000000003,0.3591666666666667,,91.00375000000001,0.8829166666666667,169.04083333333332,32.28125,,,24.190416666666668,0.11916666666666666
2022-08-28,12.039583333333333,36.65291666666666,3.502083333333333,5.53375,9.045416666666666,0.03,37.83291666666667,0.19874999999999998,1.021111111111111,0.2783333333333333,,0.23916666666666667,0.26958333333333334,,84.07416666666667,0.87,175.83833333333334,132.03041666666667,,,25.12625,0.08041666666666668
2022-08-29,16.84375,64.55583333333334,3.8716666666666666,6.2375,10.156666666666666,3.5141666666666667,39.96041666666667,0.26666666666666666,8.4875,0.3720833333333333,,0.31875000000000003,0.35791666666666666,,79.48791666666666,0.875,188.18583333333333,173.04708333333335,,,26.594583333333333,0.0
2022-08-30,14.85875,56.96,3.71625,6.278333333333333,9.955,2.672083333333333,43.64625,0.21583333333333332,3.1757142857142857,0.3025,,0.2575,0.29250000000000004,,75.1025,1.1908333333333332,206.09041666666667,206.85791666666668,,,27.324583333333333,0.0
2022-08-31,19.73375,78.29583333333333,3.5933333333333333,6.84,10.264166666666666,2.657083333333333,44.94833333333333,0.2225,7.660625,0.31,,0.2675,0.3020833333333333,,76.81125,1.1858333333333333,198.62708333333333,177.46875,,,26.785833333333333,0.0
2022-09-01,14.842083333333333,45.064166666666665,3.50375,6.004583333333334,9.491249999999999,2.1052173913043477,43.59375,0.20958333333333334,10.157777777777778,0.29375,,0.25375,0.28291666666666665,,75.95458333333333,1.1841666666666668,212.5845833333333,169.44583333333333,,,27.00583333333333,0.0
2022-09-02,13.849583333333333,49.39458333333334,3.7558333333333334,6.4366666666666665,10.140833333333333,0.9761538461538461,40.722500000000004,0.22833333333333336,4.696363636363636,0.3183333333333333,,0.27291666666666664,0.3070833333333333,,80.99249999999999,1.0220833333333335,194.00250000000003,165.54625000000001,,,26.245416666666667,0.15916666666666668
2022-09-03,12.7525,47.585,3.575833333333333,6.12625,9.642083333333334,0.211,39.73791666666667,0.21666666666666667,5.138,0.30375,,0.25958333333333333,0.29125,,82.25541666666668,0.8754166666666667,193.63583333333335,130.5,,,25.898749999999996,0.037083333333333336
2022-09-04,8.428695652173914,27.939999999999998,3.42125,5.4425,8.873333333333333,0.1416666666666667,39.48458333333333,0.16874999999999998,4.25625,0.23583333333333334,,0.20166666666666666,0.22791666666666666,,81.94,1.065,212.26416666666668,127.57625,,,25.936666666666667,0.022500000000000003
2022-09-05,12.106666666666667,50.95249999999999,3.5208333333333335,6.045000000000001,9.52,0.20428571428571426,39.76375,0.2004166666666667,3.938,0.2791666666666667,,0.2404166666666667,0.26958333333333334,,81.75291666666666,0.90125,184.32083333333333,144.80583333333334,,,26.241666666666664,0.16416666666666668
2022-09-06,16.2525,60.54624999999999,4.24625,6.441666666666666,10.784583333333332,0.318,40.458333333333336,0.2804166666666667,3.19625,0.3933333333333333,,0.3383333333333334,0.37916666666666665,,82.05375,0.8745833333333333,178.4625,149.38833333333335,,,26.402916666666666,0.017083333333333336
2022-09-07,18.894583333333333,64.07791666666667,3.841666666666667,6.672916666666667,10.45125,0.23199999999999998,40.696666666666665,0.28250000000000003,7.526000000000001,0.3954166666666667,,0.33875000000000005,0.3804166666666667,,77.72916666666667,1.0120833333333332,148.98375000000001,170.92958333333334,,,26.907916666666665,0.029583333333333333
2022-09-08,23.48625,88.85583333333334,3.685416666666667,7.815,11.235,0.33916666666666667,41.4425,0.3225,13.450909090909091,0.45416666666666666,,0.38999999999999996,0.4375,,70.93458333333334,0.9595833333333333,150.91458333333335,195.14125,,,27.940416666666664,0.0
2022-09-09,28.175833333333333,100.79666666666667,3.49,8.140416666666667,11.240416666666667,1.0494736842105263,42.25958333333333,0.3233333333333333,18.59357142857143,0.45208333333333334,,0.38833333333333336,0.43583333333333335,,69.285,1.3020833333333333,142.82666666666668,206.82833333333335,,,28.092916666666667,0.0
2022-09-10,13.444166666666668,59.13166666666667,3.6220833333333338,7.388750000000001,10.77125,0.394,41.70125,0.28291666666666665,6.128888888888889,0.3979166666666667,,0.3408333333333333,0.3833333333333333,,82.345,1.2275,141.06416666666667,158.37666666666667,,,25.42833333333333,0.16375
2022-09-11,12.886666666666665,55.20208333333333,3.6275,6.2775,9.8325,0.13999999999999999,41.49041666666667,0.24125,4.478,0.33625,,0.2891666666666667,0.325,,77.46666666666667,1.1658333333333333,158.58708333333334,184.85583333333332,,,26.528333333333332,0.0
2022-09-12,11.461304347826088,41.220416666666665,3.544583333333333,5.92875,9.454583333333334,0.11000000000000001,41.63291666666667,0.20791666666666667,2.05625,0.2920833333333333,,0.2504166666666667,0.2816666666666667,,80.18416666666667,1.0491666666666666,173.76416666666668,151.00291666666666,,,25.959166666666665,0.01
2022-09-13,5.036363636363636,22.017916666666665,3.76375,5.433333333333334,9.225,1.4257142857142857,41.197916666666664,0.16291666666666668,3.6759999999999997,0.22916666666666666,,0.19666666666666666,0.22125000000000003,,83.12541666666667,0.9554166666666667,217.11125,150.5725,,,25.190416666666668,0.37958333333333333
2022-09-14,5.5209090909090905,31.30666666666667,3.44375,5.282916666666667,8.782916666666667,0.4225,41.83291666666667,0.15,4.335,0.21041666666666667,,0.18041666666666667,0.2025,,76.2625,1.02375,191.15625,167.54375,,,26.64125,0.0
2022-09-15,10.57625,43.453333333333326,3.470833333333333,5.807916666666666,9.285,0.365,42.48833333333334,0.18541666666666667,2.8581818181818184,0.25916666666666666,,0.22291666666666668,0.25125000000000003,,77.70458333333333,1.0741666666666667,209.43541666666667,160.3225,,,26.417083333333334,0.0
2022-09-16,11.714583333333332,39.970416666666665,3.638333333333333,6.358333333333333,9.932916666666666,0.128,42.13791666666666,0.22624999999999998,3.729,0.31625,,0.26958333333333334,0.30333333333333334,,82.77958333333333,0.8183333333333334,194.18791666666667,125.98791666666666,,,25.470416666666665,0.0625
2022-09-17,24.594583333333333,73.60041666666667,3.945,6.48875,10.406666666666666,1.2037499999999999,42.589166666666664,0.315,8.134444444444444,0.43916666666666665,,0.3770833333333334,0.42416666666666664,,78.59,0.7675000000000001,166.85833333333332,162.80166666666665,,,27.010416666666668,0.0
2022-09-18,18.6275,64.77416666666666,4.118333333333333,6.59375,10.708333333333334,0.19384615384615383,42.324999999999996,0.30375,0.635,0.42166666666666663,,0.36333333333333334,0.4091666666666667,,85.66208333333333,0.7095833333333333,152.0625,78.94833333333334,,,25.354583333333334,0.16333333333333336
2022-09-19,13.72304347826087,68.69,4.0475,6.462083333333333,10.522916666666667,0.3475,42.402499999999996,0.25333333333333335,1.4314285714285713,0.3566666666666667,,0.3045833333333333,0.3445833333333333,,79.66083333333333,1.0758333333333334,156.17416666666665,142.64000000000001,,,26.369583333333335,0.0004166666666666667
2022-09-20,14.428260869565218,53.48041666666666,4.210833333333333,5.922499999999999,10.338333333333333,0.5366666666666666,43.52,0.24583333333333335,3.3514285714285714,0.3445833333333333,,0.29583333333333334,0.3329166666666667,,76.68291666666666,0.9258333333333333,201.1291666666667,186.40708333333336,,,27.381666666666664,0.0
2022-09-21,26.09608695652174,76.83708333333333,3.9320833333333334,6.434583333333333,10.385833333333332,0.7607142857142858,44.155,0.2920833333333333,2.9775,0.40958333333333335,,0.35083333333333333,0.3941666666666667,,77.88916666666667,0.9779166666666667,214.9475,142.79833333333332,,,26.436666666666667,0.0
2022-09-22,24.435000000000002,79.16708333333334,4.059583333333333,6.420833333333333,10.557916666666667,1.153076923076923,44.0225,0.29916666666666664,6.1579999999999995,0.4183333333333334,,0.3575,0.40375,,78.56583333333333,0.9416666666666668,191.52291666666667,183.27374999999998,,,26.707083333333333,0.0
2022-09-23,18.8775,65.26875,3.8095833333333338,6.29625,10.106250000000001,0.7476923076923078,44.475,0.25625000000000003,5.743333333333333,0.36041666666666666,,0.3104166666666667,0.34708333333333335,,78.92333333333333,1.0558333333333334,200.48791666666668,165.63083333333333,,,26.755416666666665,0.0
2022-09-24,8.650833333333333,43.24875,3.5245833333333336,6.195416666666667,9.699166666666667,0.026000000000000002,43.95083333333333,0.21583333333333332,3.6866666666666665,0.3025,,0.25916666666666666,0.29041666666666666,,85.12125,0.8541666666666666,168.36583333333334,122.58916666666666,,,25.449583333333333,0.3233333333333333
2022-09-25,15.9975,58.754999999999995,3.9829166666666667,6.582916666666667,10.545,0.122,43.822916666666664,0.3120833333333333,9.58,0.4379166666666667,,0.3758333333333333,0.42166666666666663,,82.52041666666666,0.7854166666666668,157.23958333333334,112.50124999999998,,,25.63791666666667,0.0
2022-09-26,18.700416666666666,66.925,3.8766666666666665,6.690416666666667,10.52375,0.7485714285714286,44.36083333333334,0.32958333333333334,6.4675,0.4604166666666667,,0.3941666666666667,0.4458333333333333,,76.45958333333333,0.7758333333333334,151.49916666666667,171.86625,,,27.156666666666666,0.0
2022-09-27,16.16125,70.42291666666667,3.64625,7.3187500000000005,10.734166666666667,0.729,45.72,0.31124999999999997,7.408888888888888,0.4345833333333333,,0.3741666666666667,0.42083333333333334,,75.31208333333333,1.0,153.15958333333333,188.9104166666667,,,27.473333333333333,0.0
2022-09-28,14.357916666666666,37.27291666666667,3.598333333333333,6.53,10.02875,0.40090909090909094,46.145833333333336,0.2920833333333333,6.04,0.40958333333333335,,0.35125,0.39458333333333334,,78.71541666666667,0.9491666666666667,187.81916666666666,170.9154166666667,,,26.62708333333333,0.023333333333333334
2022-09-29,15.795,48.265833333333326,3.747916666666667,6.715,10.357083333333334,0.7361538461538462,46.50333333333333,0.30375,8.248888888888889,0.4245833333333333,,0.3645833333333333,0.41,,74.10541666666667,0.9237500000000001,168.02375,186.40291666666667,,,27.592916666666667,0.0
2022-09-30,13.35153846153846,71.82458333333334,3.98,7.40625,11.2575,0.6676923076923077,46.87083333333334,0.3854166666666667,6.267777777777778,0.5391666666666667,,0.46166666666666667,0.5208333333333334,,75.01791666666666,0.9016666666666667,168.71708333333333,181.41791666666666,,,27.467916666666667,0.0
2022-10-01,,62.59916666666667,3.69375,7.003333333333334,10.542916666666667,0.33222222222222225,46.62,0.31083333333333335,7.808888888888889,0.43583333333333335,,0.3733333333333333,0.41958333333333336,,72.59375,0.9454166666666666,148.06083333333333,170.00208333333333,,,27.415833333333335,0.0
2022-10-02,,21.7325,3.874166666666667,6.208333333333333,10.092083333333333,,44.80375,0.2654166666666667,1.5325,0.37375,,0.3179166666666667,0.35958333333333337,,91.51875,0.9954166666666667,104.05041666666666,71.96666666666667,,,23.402083333333334,0.32416666666666666
2022-10-03,,14.97875,3.72875,5.839166666666666,9.5775,,43.33916666666667,0.255,0.8300000000000001,0.35708333333333336,,0.30625,0.345,,96.705,0.6741666666666667,152.32208333333332,52.55416666666667,,,22.731666666666666,0.44
2022-10-04,,29.61375,3.736875,5.23375,9.114374999999999,,43.468125,0.195,2.4116666666666666,0.271875,,0.233125,0.260625,,82.86812499999999,0.821875,117.10062500000001,203.491875,,,26.17125,0.123125
2022-10-05,,,,,,,,,,,,,,,,,,,,,,
2022-10-06,17.812857142857144,63.11714285714286,4.05,6.154285714285714,10.137142857142859,0.97,43.95428571428572,0.22571428571428573,3.9160000000000004,0.3178571428571429,,0.2735714285714286,0.30642857142857144,,73.09142857142857,1.0978571428571429,202.8457142857143,142.97,,,27.207142857142856,0.0
2022-10-07,10.088666666666667,65.69833333333334,4.819583333333333,6.3,11.384583333333333,0.6185714285714285,46.03583333333333,0.28208333333333335,5.125,0.39666666666666667,,0.33916666666666667,0.3833333333333333,,77.72458333333333,0.7941666666666666,183.91625,160.46,,,26.449166666666667,0.0
2022-10-08,,57.98500000000001,4.3675,6.075833333333333,10.62,0.016666666666666666,45.71625,0.23083333333333333,3.388571428571429,0.3229166666666667,,0.27625,0.3116666666666667,,79.335,0.8483333333333333,198.91208333333336,128.0575,,,25.52208333333333,0.0
2022-10-09,,65.32583333333334,4.176666666666667,7.162916666666667,11.292916666666665,0.02,45.58541666666667,0.2941666666666667,5.7575,0.41250000000000003,,0.35333333333333333,0.3983333333333334,,79.64,0.9229166666666666,190.37333333333333,167.09333333333333,,,25.19666666666667,0.05333333333333334
2022-10-10,27.476,69.03708333333334,3.895,6.902916666666666,10.697083333333333,0.8566666666666667,45.90958333333333,0.30125,10.155454545454544,0.42208333333333337,,0.36083333333333334,0.40791666666666665,,79.22125,0.8933333333333334,190.51375,158.80249999999998,,,25.358333333333334,0.0
2022-10-11,20.58857142857143,71.18375,3.640416666666667,6.7425,10.264583333333333,0.21666666666666667,46.87583333333333,0.25333333333333335,4.82,0.35375,,0.3025,0.34208333333333335,,78.83541666666666,1.0629166666666665,194.48666666666668,166.71,,,24.823333333333334,0.0
2022-10-12,12.227222222222222,56.63458333333333,3.9333333333333336,6.443333333333334,10.37375,0.02,46.69,0.23458333333333334,2.7525,0.3283333333333333,,0.28125,0.31416666666666665,,79.09875000000001,0.98,190.6825,134.34541666666667,,,24.63625,0.02333333333333333
2022-10-13,2.0,63.319583333333334,4.236666666666667,6.668333333333333,10.952916666666667,0.8733333333333334,45.8775,0.25583333333333336,5.77,0.3566666666666667,,0.30583333333333335,0.3466666666666667,,78.12708333333333,0.87875,183.96583333333334,143.29333333333332,,,25.3075,0.0020833333333333333
2022-10-14,2.0,67.63416666666667,4.2025,7.158333333333334,11.32875,0.22749999999999998,46.32083333333333,0.2841666666666667,5.128888888888889,0.39875,,0.34041666666666665,0.3825,,79.10291666666667,0.9166666666666666,202.73041666666666,147.09166666666667,,,24.8575,0.0
2022-10-15,,52.466875,4.466875,5.495625,10.296875,,46.50625,0.29125,7.194285714285714,0.40750000000000003,,0.348125,0.393125,,77.580625,0.88,218.87875,222.220625,,,25.485,0.0
2022-10-16,,,,,,,,,,,,,,,,,,,,,,
2022-10-17,19.242727272727272,65.07384615384616,3.4861538461538464,6.506923076923077,9.620000000000001,1.09375,46.58923076923077,0.24384615384615385,14.861666666666666,0.3438461538461538,,0.2946153846153846,0.3284615384615384,,74.00615384615385,1.1861538461538461,138.2076923076923,98.98,,,25.75846153846154,0.0
2022-10-18,13.317000000000002,48.775416666666665,3.6525,6.770833333333333,10.2775,0.095,47.60708333333333,0.2658333333333333,6.195555555555555,0.37375,,0.32,0.36125,,80.09125,0.8720833333333333,144.02708333333334,119.86041666666667,,,23.714166666666667,0.025833333333333333
2022-10-19,,68.87958333333334,3.8054166666666664,7.160416666666666,10.810416666666667,0.045,46.865,0.34541666666666665,6.1033333333333335,0.4825,,0.4145833333333333,0.4658333333333333,,77.83125,0.7020833333333334,153.28,109.18041666666666,,,23.798333333333332,0.0
2022-10-20,2.0,103.6725,4.357083333333333,8.132083333333332,12.344166666666666,0.11285714285714286,46.68416666666667,0.4816666666666667,9.2875,0.6749999999999999,,0.5791666666666667,0.6508333333333334,,79.10000000000001,0.7670833333333333,196.01874999999998,153.585,,,23.077916666666667,0.0
2022-10-21,,92.08,4.384166666666666,8.205416666666666,12.423333333333334,0.1125,47.31166666666667,0.40291666666666665,9.387,0.5629166666666666,,0.48208333333333336,0.5425,,72.2375,0.8041666666666667,183.50708333333333,180.18500000000003,,,23.9025,0.0
2022-10-22,,109.30166666666666,4.666666666666667,9.369583333333333,13.755,0.085,47.84458333333333,0.4141666666666666,12.566363636363635,0.5808333333333333,,0.4970833333333333,0.5599999999999999,,68.39125,0.97625,162.67583333333332,175.81458333333333,,,24.312916666666666,0.0
2022-10-23,,131.48375000000001,4.56,8.895,13.214999999999998,0.97375,47.379583333333336,0.5220833333333333,8.107777777777777,0.7283333333333334,,0.6254166666666666,0.70375,,76.83458333333333,0.6616666666666666,195.27916666666667,92.2475,,,23.4175,0.0
2022-10-24,,35.569583333333334,4.1154166666666665,7.0683333333333325,11.127083333333333,1.1,46.56791666666667,0.3279166666666667,,0.4575,,0.39166666666666666,0.44166666666666665,,98.40166666666666,1.57,81.90791666666667,16.575,,,19.374166666666667,0.8966666666666666
2022-10-25,,11.356666666666667,3.638888888888889,4.774444444444445,8.568888888888889,,46.45666666666667,0.18333333333333332,1.175,0.25666666666666665,,0.22,0.25111111111111106,,96.55000000000001,0.8688888888888888,185.7511111111111,70.78333333333333,,,20.81888888888889,0.23444444444444443
2022-10-26,21.013333333333335,90.28416666666668,4.2124999999999995,7.205000000000001,11.220833333333333,0.8825000000000001,46.373333333333335,0.29916666666666664,11.858,0.4166666666666667,,0.3575,0.4041666666666666,,76.24416666666666,0.8175,201.66166666666666,101.42916666666667,,,22.662499999999998,0.0
2022-10-27,25.87375,96.10958333333333,4.110416666666667,7.0945833333333335,11.158333333333333,,47.62916666666666,0.3433333333333333,8.87875,0.47833333333333333,,0.41208333333333336,0.46249999999999997,,77.8575,0.68125,198.34958333333336,144.9775,,,21.423333333333332,0.0
2022-10-28,19.00375,98.91624999999999,4.3879166666666665,7.730416666666667,12.045416666666666,,47.17916666666667,0.37833333333333335,7.6125,0.5283333333333333,,0.45375000000000004,0.5095833333333334,,77.64083333333333,0.7016666666666667,179.02874999999997,154.78208333333333,,,20.83458333333333,0.0
2022-10-29,2.0,92.44958333333334,4.6554166666666665,7.510416666666667,12.20125,0.01,47.4925,0.3433333333333333,8.446666666666665,0.4808333333333333,,0.41208333333333336,0.46458333333333335,,71.87375,0.7200000000000001,164.66041666666666,174.73749999999998,,,22.83375,0.0
2022-10-30,,53.210909090909084,4.383636363636364,6.384545454545455,10.909090909090908,,47.377272727272725,0.30363636363636365,4.266666666666667,0.42363636363636364,,0.36272727272727273,0.41,,81.08181818181818,0.5872727272727273,175.13727272727272,196.37181818181818,,,20.506363636363634,0.0
2022-10-31,,,,,,,,,,,,,,,,,,,,,,
2022-11-01,,,,,,,,,,,,,,,,,,,,,,
2022-11-02,41.2,114.57857142857142,12.352857142857143,10.808571428571428,22.610666666666663,1.21,47.29,0.4553333333333333,15.208571428571428,0.6353333333333333,,0.5821428571428572,0.6535714285714286,,59.12928571428571,0.8164285714285714,195.39142857142858,172.22533333333334,,,24.272142857142857,0.0
2022-11-03,43.2925,109.8075,4.9937499999999995,9.187083333333334,14.023333333333333,1.5779999999999998,48.98291666666666,0.46208333333333335,11.89625,0.6466666666666666,,0.5537500000000001,0.62375,,72.83624999999999,0.6545833333333333,171.9020833333333,145.09125,,,22.137083333333333,0.0
2022-11-04,23.2865,64.22208333333333,4.4825,7.67625,12.114583333333334,0.44800000000000006,49.265416666666674,0.33125,7.783333333333333,0.46249999999999997,,0.39625,0.4466666666666667,,75.46291666666667,0.9570833333333333,168.2275,161.8708333333333,,,23.43625,0.005416666666666667
2022-11-05,105.73200000000001,99.82916666666667,9.954166666666667,7.9775,19.355,1.635,49.196666666666665,0.53125,3.05375,0.7441666666666666,,0.6383333333333333,0.7195833333333334,,77.24541666666667,0.72125,188.51916666666668,157.28791666666666,,,22.64,0.0
2022-11-06,32.20125,86.14083333333333,5.329583333333333,7.916250000000001,13.390416666666667,0.4025,49.239583333333336,0.40291666666666665,3.745,0.5645833333333333,,0.4825,0.5441666666666667,,76.89874999999999,0.7366666666666667,175.40666666666667,152.51250000000002,,,22.1075,0.0
2022-11-07,2.0,95.04333333333334,7.182083333333334,8.792916666666667,16.49833333333333,0.2225,48.819583333333334,0.45458333333333334,6.635,0.6370833333333333,,0.5458333333333333,0.615,,75.33,0.7733333333333333,182.52958333333333,142.77041666666668,,,20.695416666666667,0.0
2022-11-08,66.25428571428571,96.81291666666668,5.8254166666666665,9.376666666666667,15.259166666666665,0.8,48.695,0.45625,10.254444444444445,0.63875,,0.5466666666666666,0.6166666666666667,,70.29708333333333,0.7283333333333334,174.30499999999998,167.58124999999998,,,20.372916666666665,0.0
2022-11-09,,100.66458333333333,4.406666666666666,9.855,13.842916666666667,,48.86375,0.42583333333333334,11.044444444444444,0.5970833333333333,,0.5116666666666666,0.5754166666666667,,70.09583333333333,0.7441666666666666,187.96416666666667,166.27125,,,19.664166666666667,0.0
2022-11-10,,96.33958333333334,5.539166666666667,9.640833333333333,15.1,0.14333333333333334,49.11333333333334,0.4529166666666667,11.95111111111111,0.6341666666666667,,0.5433333333333333,0.61125,,72.43875,0.6929166666666666,174.81458333333333,166.34166666666667,,,19.859166666666667,0.0
2022-11-11,,100.55291666666666,4.9825,9.6,14.350416666666666,0.16666666666666666,49.447916666666664,0.4816666666666667,10.774444444444445,0.6737500000000001,,0.5791666666666667,0.6508333333333334,,73.40041666666666,0.7487499999999999,185.65374999999997,160.51666666666668,,,20.00125,0.0
2022-11-12,,71.576,4.914,7.2700000000000005,12.334999999999999,,49.155,0.392,3.375,0.5479999999999999,,0.47000000000000003,0.53,,84.386,0.6359999999999999,177.53,138.411,,,17.179,0.0
2022-11-13,,,,,,,,,,,,,,,,,,,,,,
2022-11-14,66.41461538461539,149.5646153846154,12.852857142857143,12.132857142857144,25.30785714285714,0.6950000000000001,49.912142857142854,0.6050000000000001,20.512857142857143,0.8485714285714285,,0.7285714285714285,0.8171428571428571,,64.70714285714286,0.8078571428571429,178.635,164.24214285714285,,,21.40285714285714,0.0
2022-11-15,75.96791666666667,141.32958333333332,8.9725,11.314166666666665,20.88625,1.2833333333333334,50.43375,0.7166666666666667,10.485,1.0016666666666667,,0.85875,0.9654166666666667,,74.64583333333333,0.7633333333333333,187.55791666666667,161.10666666666665,,,18.192083333333333,0.0
2022-11-16,62.83166666666667,120.15583333333332,7.520416666666667,10.099166666666667,18.01875,0.3725,50.48041666666666,0.6045833333333334,7.8062499999999995,0.8470833333333333,,0.7241666666666666,0.8154166666666667,,78.20125,0.6383333333333333,179.48208333333332,139.51,,,17.83791666666667,0.0
2022-11-17,80.69166666666666,147.67916666666667,8.666666666666666,11.179583333333333,20.385,1.6114285714285714,50.57833333333334,0.7245833333333334,9.53,1.0125,,0.8691666666666666,0.9779166666666667,,78.455,0.655,175.43791666666667,132.80916666666667,,,17.587083333333332,0.0
2022-11-18,76.07208333333334,132.49666666666667,5.984999999999999,11.450416666666667,17.185,0.29916666666666664,50.55875,0.7087500000000001,10.23375,0.9925,,0.8508333333333334,0.9575,,73.20125,0.6345833333333334,201.28666666666666,155.78166666666667,,,17.891666666666666,0.0
2022-11-19,90.09916666666668,164.39208333333332,10.577083333333333,11.407499999999999,23.012083333333333,2.144285714285714,50.83416666666667,0.7979166666666666,8.367777777777778,1.1166666666666667,,0.9570833333333333,1.0766666666666667,,73.61541666666666,0.5408333333333334,189.51708333333332,143.09166666666667,,,17.813750000000002,0.0
2022-11-20,106.484,152.682,9.92,8.812000000000001,20.024,0.637,50.623000000000005,0.985,2.18,1.378,,1.179,1.327,,85.977,0.515,158.298,132.131,,,14.743,0.0
2022-11-21,23.883333333333336,69.39363636363636,4.485,8.501666666666667,12.641666666666666,0.64,51.163333333333334,0.31666666666666665,9.2375,0.44416666666666665,,0.38083333333333336,0.4291666666666667,,69.46666666666667,1.1725,229.08916666666667,85.32416666666667,,,22.66416666666667,0.0
2022-11-22,38.85666666666666,86.24583333333334,6.010416666666667,9.460833333333333,15.555833333333332,0.08,52.403333333333336,0.4504166666666667,7.07125,0.6291666666666667,,0.54125,0.60875,,72.98166666666667,0.7929166666666667,193.7541666666667,154.47625,,,20.207083333333333,0.0
2022-11-23,43.64333333333333,76.57866666666668,5.960666666666667,8.216000000000001,14.479333333333333,,51.355333333333334,0.45999999999999996,5.68,0.6433333333333333,,0.5506666666666666,0.6193333333333333,,77.848,0.7093333333333334,195.27933333333334,201.464,,,18.470000000000002,0.0
2022-11-24,78.51,148.938,15.986,15.242,32.900999999999996,2.1100000000000003,51.589,0.858,10.903333333333334,1.2,,1.029,1.157,,75.58099999999999,0.621,203.82,40.843,,,19.093,0.0
2022-11-25,64.53,125.6025,9.227500000000001,12.607916666666666,22.294583333333332,1.0804545454545453,52.923750000000005,0.6516666666666667,12.367500000000001,0.9120833333333334,,0.7804166666666666,0.88,,74.19416666666667,0.5958333333333333,178.09208333333333,153.24416666666667,,,18.797916666666666,0.0
2022-11-26,84.30416666666666,151.74625,12.301249999999998,12.83875,26.417083333333334,1.511,53.056666666666665,0.7908333333333334,12.280000000000001,1.1070833333333334,,0.9512499999999999,1.0675000000000001,,72.50291666666666,0.6108333333333333,184.38875,153.16,,,17.965833333333332,0.0
2022-11-27,61.480000000000004,124.71,6.3566666666666665,10.904166666666667,17.195,1.1500000000000001,52.57458333333333,0.5741666666666666,10.747777777777777,0.8045833333333333,,0.69,0.775,,72.32291666666667,0.7158333333333333,179.47041666666667,145.38,,,19.414583333333333,0.0
2022-11-28,83.49909090909091,161.47545454545454,6.360833333333333,11.7475,17.909166666666668,2.4791304347826086,53.310833333333335,0.6558333333333334,14.647499999999999,0.9175,,0.78625,0.88375,,74.42666666666666,0.62375,191.95041666666668,115.47583333333334,,,21.032916666666665,0.0
2022-11-29,63.69875,113.80708333333332,7.916250000000001,11.27125,19.495,3.3699999999999997,55.63375,0.6295833333333333,7.7975,0.8816666666666667,,0.75625,0.8504166666666667,,77.585,0.77375,172.13666666666666,116.62333333333333,,,21.987916666666667,0.0
2022-11-30,39.223333333333336,73.06791666666668,4.608333333333333,8.775833333333333,13.189583333333333,2.79125,56.64541666666667,0.4116666666666667,4.70375,0.5754166666666667,,0.49333333333333335,0.5570833333333333,,79.01041666666667,0.7341666666666667,178.06708333333333,90.62374999999999,,,22.770416666666666,0.00125
2022-12-01,40.6875,83.59541666666667,5.396666666666667,8.819166666666666,14.235416666666666,2.69,41.02458333333333,0.4708333333333334,16.015714285714285,0.6591666666666667,,0.5645833333333333,0.6345833333333334,,76.40875,0.8991666666666666,187.62125,116.89666666666666,,,22.765416666666667,0.0
2022-12-02,44.343333333333334,95.32416666666667,6.857916666666667,8.785833333333333,16.079583333333332,1.4322222222222223,26.28125,0.48208333333333336,4.468571428571429,0.6770833333333334,,0.5783333333333334,0.65125,,73.23625,0.7687499999999999,159.43625,127.92166666666667,,,20.995833333333334,0.0
2022-12-03,53.905833333333334,107.505,5.633333333333333,9.7125,15.29625,1.52,26.200416666666666,0.52625,5.56625,0.7370833333333334,,0.6325,0.7116666666666666,,72.34708333333333,0.7983333333333333,157.79125,135.83666666666667,,,20.275833333333335,0.0
2022-12-04,33.312777777777775,64.72722222222222,4.225555555555555,7.826666666666666,11.922222222222222,0.16799999999999998,26.18,0.345,5.7375,0.4838888888888889,,0.4138888888888889,0.46611111111111114,,68.02111111111111,0.7744444444444444,181.6277777777778,175.71388888888887,,,21.496111111111112,0.0
2022-12-05,46.28642857142857,113.44571428571429,9.402857142857144,10.43857142857143,20.013571428571428,0.39666666666666667,25.989285714285717,0.5671428571428571,6.824285714285715,0.7942857142857143,,0.6835714285714286,0.7671428571428571,,66.04571428571428,0.8242857142857142,163.92142857142858,145.61785714285716,,,22.712142857142858,0.0
2022-12-06,51.285,99.42,5.324583333333334,9.610833333333334,14.806666666666667,0.4681818181818182,26.608333333333334,0.4795833333333333,5.40625,0.6708333333333334,,0.5766666666666667,0.6483333333333333,,72.035,0.8112499999999999,163.915,137.9075,,,19.8425,0.0
2022-12-07,55.525,106.98041666666667,6.84125,10.112499999999999,17.170416666666664,0.2822222222222222,26.527083333333334,0.5325,5.716,0.7470833333333333,,0.6408333333333334,0.7204166666666666,,77.04666666666667,0.7554166666666666,162.25083333333333,123.78791666666666,,,17.867083333333333,0.0
2022-12-08,65.98083333333334,119.27166666666666,8.632916666666667,10.379583333333334,19.6675,1.2844444444444445,26.622083333333336,0.62125,7.17,0.8704166666666667,,0.74375,0.8404166666666666,,73.58041666666666,0.7275,177.45541666666668,136.04208333333335,,,17.93625,0.0
2022-12-09,60.24714285714286,112.57714285714285,6.878095238095238,10.613809523809524,15.069583333333334,0.46142857142857147,26.607142857142858,0.5133333333333333,5.8475,0.7191666666666667,,0.7047619047619048,0.7923809523809524,,73.52571428571429,0.6804761904761906,185.25714285714287,138.0,,,18.13857142857143,0.0
2022-12-10,,,,,,,,,,,,,,,,,,,,,,
2022-12-11,,,,,,,,,,,,,,,,,,,,,,
2022-12-12,,,,,,,,,,,,,,,,,,,,,,
2022-12-13,,,,,,,,,,,,,,,,,,,,,,
2022-12-14,81.245,155.63,9.265833333333333,13.166666666666666,22.799166666666668,1.6408333333333334,27.34583333333333,0.8241666666666667,16.402,1.1508333333333334,,0.9891666666666667,1.1108333333333333,,72.895,0.7275,189.65333333333334,96.44583333333333,,,18.305,0.0
2022-12-15,106.93124999999999,184.05041666666668,13.011249999999999,12.588333333333333,27.118750000000002,1.9752380952380955,26.74,0.9758333333333334,8.411249999999999,1.3641666666666667,,1.1704166666666667,1.31625,,82.18249999999999,0.6804166666666666,194.06208333333333,100.62375000000002,,,14.458333333333334,0.0
2022-12-16,104.50708333333334,172.26166666666666,12.442916666666667,12.246666666666668,26.090416666666666,1.6733333333333333,26.58125,0.9362499999999999,8.122857142857143,1.3108333333333333,,1.1245833333333333,1.2633333333333334,,81.00083333333333,0.6625,190.5975,108.34500000000001,,,14.165,0.0
2022-12-17,108.77,171.89791666666667,12.635,11.63875,25.837500000000002,1.7204166666666667,26.779583333333335,1.0045833333333334,11.382857142857144,1.4079166666666667,,1.2070833333333333,1.3566666666666667,,77.17666666666666,0.6095833333333334,180.63875,135.32416666666668,,,15.402500000000002,0.0
2022-12-18,96.44791666666667,164.96291666666667,12.141666666666666,12.593333333333334,26.000833333333333,2.071904761904762,27.131666666666664,0.935,12.975,1.30875,,1.1216666666666666,1.2629166666666667,,75.33458333333333,0.6945833333333334,187.40166666666667,132.90125,,,16.185,0.0
2022-12-19,68.32791666666667,128.4825,6.309166666666666,11.548333333333334,17.6925,1.5904166666666668,27.493750000000002,0.6783333333333333,10.114285714285714,0.9495833333333333,,0.8137500000000001,0.9158333333333334,,77.53583333333334,0.7275,183.88291666666666,97.43041666666666,,,17.2725,0.0
2022-12-20,77.67875,134.94041666666666,10.17,11.899166666666666,22.905833333333334,1.6560869565217393,27.78125,0.8120833333333333,8.435,1.1370833333333332,,0.9729166666666668,1.0958333333333334,,77.7025,0.77875,184.55625,132.425,,,16.395,0.0
2022-12-21,79.75458333333334,150.48166666666665,13.941249999999998,12.893333333333333,28.50916666666667,1.605263157894737,27.635416666666668,0.8591666666666667,14.34875,1.2041666666666666,,1.0341666666666667,1.1612500000000001,,73.83375,0.6929166666666666,190.50750000000002,134.27791666666667,,,15.707083333333335,0.0
2022-12-22,70.38916666666667,127.01083333333334,8.412083333333333,12.637500000000001,21.282083333333333,0.5845454545454545,27.650833333333335,0.7512500000000001,11.7675,1.05375,,0.90375,1.015,,72.02333333333333,0.7220833333333333,191.31208333333333,133.85291666666666,,,15.335833333333333,0.0
2022-12-23,86.58291666666666,150.08625,12.429166666666667,12.939583333333333,26.662916666666664,2.273076923076923,27.510416666666668,0.9016666666666667,13.098888888888888,1.2620833333333332,,1.0820833333333333,1.2175,,72.10375,0.7062499999999999,184.28125,138.93125,,,14.696666666666667,0.0
2022-12-24,71.745,117.73375,7.108750000000001,11.079583333333334,18.302916666666665,0.9435,27.738333333333333,0.7091666666666666,11.744444444444445,0.9929166666666666,,0.85125,0.9570833333333333,,74.88166666666667,0.76375,190.89125,129.71333333333334,,,15.614166666666668,0.0
2022-12-25,80.955,133.5575,6.148333333333333,11.952083333333334,17.825,1.4905263157894737,27.870416666666667,0.7174999999999999,11.695555555555554,1.0054166666666666,,0.8629166666666667,0.9670833333333334,,75.77708333333334,0.8095833333333333,183.30166666666665,111.33625,,,15.377083333333333,0.0
2022-12-26,173.63750000000002,246.4625,13.117916666666666,15.719583333333333,29.865,4.589583333333334,27.6575,1.2979166666666666,2.973333333333333,1.8183333333333334,,1.55875,1.7529166666666667,,87.77875,0.62375,166.51375,35.04333333333333,,,12.865833333333333,0.00125
2022-12-27,107.31625,131.5825,6.58125,7.295,14.51875,2.5875,26.388749999999998,0.8674999999999999,,1.21,,1.0375,1.17,,99.9025,0.8375,152.5325,3.67,,,10.43375,0.24
2022-12-28,91.21285714285715,129.36642857142857,11.251428571428573,12.788571428571428,21.115714285714287,2.2253846153846153,27.272142857142857,0.7464285714285713,13.57625,1.0457142857142858,,0.8971428571428571,1.0107142857142857,,78.5175,0.6625,130.92,61.166428571428575,,,17.8075,0.0
2022-12-29,76.99166666666666,112.82000000000001,4.532916666666666,10.39625,14.460416666666667,1.0958333333333334,28.07875,0.5629166666666666,16.034,0.7891666666666667,,0.67625,0.7595833333333334,,,,,0.0,,,,0.0
2022-12-30,77.85416666666667,119.83125,6.80125,11.998750000000001,18.68375,0.74875,28.665833333333335,0.655,16.204444444444444,0.9183333333333333,,0.7870833333333334,0.8845833333333334,,,,,0.0,,,,0.0
2022-12-31,80.78125,115.52291666666667,5.626666666666666,11.159166666666666,16.486666666666668,1.4472727272727273,28.9025,0.6566666666666666,13.963,0.9195833333333333,,0.79,0.8887499999999999,,,,,0.0,,,,0.0
2023-01-01,193.725,248.26666666666665,11.780833333333334,11.285416666666665,24.453333333333333,3.391739130434783,28.922083333333333,1.4129166666666666,8.994285714285713,1.9766666666666666,,1.6937499999999999,1.90625,,,,,0.0,,,,0.0
2023-01-02,103.35208333333333,150.19125,7.769166666666667,11.3725,19.419999999999998,1.1554545454545453,28.858333333333334,0.9091666666666667,13.34375,1.2729166666666667,,1.0904166666666668,1.2275,,,,,0.0,,,,0.0
2023-01-03,102.36874999999999,144.30708333333334,7.822500000000001,12.2575,20.213333333333335,1.252857142857143,29.089583333333334,0.93125,13.077777777777778,1.3054166666666667,,1.1187500000000001,1.2583333333333333,,,,,0.0,,,,0.0
2023-01-04,97.13333333333333,142.18833333333333,8.8225,12.624166666666667,21.78333333333333,1.692,29.203333333333333,0.8645833333333334,20.197777777777777,1.2083333333333333,,1.03375,1.1633333333333333,,63.36846153846154,0.7238461538461538,179.01384615384615,69.55625,,,17.270769230769233,0.0
2023-01-05,84.02291666666667,129.44083333333333,7.609999999999999,12.677916666666667,20.2925,1.3326315789473684,29.56125,0.7641666666666667,14.092222222222222,1.0704166666666668,,0.9179166666666667,1.03125,,74.0925,0.6454166666666666,195.3708333333333,136.57708333333332,700.365,,14.596666666666666,0.0
2023-01-06,89.21791666666667,143.55083333333332,9.481666666666667,13.032916666666667,22.986666666666668,1.287391304347826,30.020416666666666,0.8450000000000001,15.5,1.1833333333333333,,1.0125,1.1391666666666667,,72.79625,0.6658333333333334,178.69500000000002,135.34375,700.1466666666666,,15.542083333333332,0.0
2023-01-07,97.95333333333333,156.51958333333332,9.935,13.632916666666667,24.059583333333332,2.7258333333333336,30.94458333333333,0.9229166666666666,12.63111111111111,1.2916666666666667,,1.1079166666666667,1.2449999999999999,,75.86416666666666,0.7287499999999999,199.18583333333333,128.20458333333332,,,16.936666666666667,0.0
2023-01-08,94.71041666666667,148.07916666666668,9.883333333333333,13.981250000000001,24.273749999999996,2.285416666666667,31.03333333333333,0.89875,15.3725,1.2583333333333333,,1.0783333333333334,1.2137499999999999,,70.92583333333333,0.6916666666666668,189.73000000000002,136.33791666666667,,,16.635833333333334,0.0
2023-01-09,91.47208333333333,154.375,10.683333333333332,13.872083333333334,25.207916666666666,1.8875,31.125416666666666,0.9129166666666667,11.821111111111112,1.2758333333333334,,1.0941666666666667,1.2325,,69.3525,0.7087499999999999,194.61416666666665,139.24666666666667,,,16.185416666666665,0.0
2023-01-10,75.16791666666667,133.92041666666668,7.485833333333333,13.83,21.080416666666668,1.2091304347826088,31.29375,0.7287500000000001,14.39875,1.0179166666666666,,0.8720833333333333,0.98375,,68.965,0.7545833333333333,192.1916666666667,138.05708333333334,,,16.03875,0.0
2023-01-11,65.84708333333333,118.9375,8.585416666666665,13.329583333333334,22.052916666666665,1.7200000000000002,31.719583333333333,0.6908333333333333,15.014444444444443,0.9674999999999999,,0.8291666666666666,0.9325,,69.06625,0.7516666666666666,184.9154166666667,135.16416666666666,,,16.51,0.0
2023-01-12,74.33,113.90846153846154,5.717692307692308,10.447692307692307,16.01076923076923,0.8475,31.00230769230769,0.6369230769230769,14.2275,0.89,,0.7630769230769231,0.8584615384615385,,78.30153846153846,0.73,177.87076923076924,186.20538461538462,,,13.975384615384616,0.0
2023-01-13,,,,,,,,,,,,,,,,,,,,,,
2023-01-14,,,,,,,,,,,,,,,,,,,,,,
2023-01-15,,,,,,,,,,,,,,,,,,,,,,
2023-01-16,96.26769230769231,180.2576923076923,5.457692307692308,17.196923076923078,21.117692307692305,1.4316666666666666,31.08153846153846,0.8061538461538462,28.36625,1.1284615384615384,,0.9692307692307692,1.0907692307692307,,61.51384615384616,1.1623076923076923,198.82769230769233,124.83923076923078,,,15.361538461538462,0.0
2023-01-17,97.85875,161.72041666666667,5.640416666666667,14.607083333333334,19.365,0.781875,31.662916666666664,0.7324999999999999,20.39,1.0266666666666666,,0.88,0.9900000000000001,,74.80875,0.7754166666666666,170.10208333333333,114.20958333333334,,,12.655833333333334,0.0
2023-01-18,114.43291666666666,179.715,8.02875,15.912083333333333,23.506666666666664,0.9938888888888889,31.455416666666665,0.895,17.799,1.2550000000000001,,1.0745833333333332,1.2095833333333335,,71.61708333333333,0.715,186.87166666666667,135.3725,,,12.205833333333333,0.0
2023-01-19,82.79166666666667,135.92125000000001,6.913333333333334,15.440833333333332,21.691666666666666,0.68,31.332083333333333,0.8208333333333333,17.767500000000002,1.1495833333333334,,0.9858333333333333,1.10875,,62.00791666666667,0.75,180.27958333333333,147.84333333333333,,,12.212916666666667,0.0
2023-01-20,75.495,139.08625,8.015416666666667,16.18375,23.72083333333333,0.9783333333333334,31.41125,0.7841666666666667,17.2,1.0966666666666667,,0.94,1.0570833333333334,,56.78041666666667,0.7095833333333333,170.82208333333332,145.22333333333333,,,12.91375,0.0
2023-01-21,65.12541666666667,123.61541666666666,7.17875,15.963333333333333,22.468333333333334,0.5471428571428572,31.71291666666667,0.7029166666666667,16.586666666666666,0.9841666666666667,,0.8429166666666666,0.9483333333333333,,56.622083333333336,0.9383333333333334,185.97416666666666,147.9775,,,13.797083333333333,0.0
2023-01-22,77.045,128.53125,5.984999999999999,14.677083333333334,19.877916666666668,0.6913333333333334,32.25083333333333,0.7216666666666667,17.832307692307694,1.0108333333333333,,0.8658333333333333,0.9733333333333333,,62.14541666666667,1.0504166666666668,188.70125,144.62083333333334,,,13.985416666666666,0.0
2023-01-23,78.04208333333334,135.43416666666667,5.756666666666667,15.863333333333335,20.569583333333334,0.5764705882352941,32.47708333333333,0.6991666666666667,24.180909090909093,0.9787500000000001,,0.8395833333333332,0.9441666666666667,,66.53416666666666,0.9341666666666666,189.61374999999998,131.47583333333333,,,14.1325,0.0
2023-01-24,102.81416666666667,173.41083333333333,10.891666666666666,17.241249999999997,28.264583333333334,1.6217391304347826,32.40333333333333,0.9245833333333334,24.625454545454545,1.2941666666666667,,1.1104166666666666,1.24875,,70.28750000000001,0.7245833333333334,198.33875,137.49416666666667,,,15.0325,0.0
2023-01-25,92.77791666666667,155.50333333333333,7.296250000000001,17.523333333333333,23.916666666666668,1.57625,32.63166666666667,0.80125,26.695,1.1220833333333333,,0.96125,1.0808333333333333,,70.14125,0.7999999999999999,185.71708333333333,131.60833333333332,,,15.702083333333334,0.0
2023-01-26,92.28541666666666,145.04958333333335,4.6258333333333335,13.268749999999999,16.95958333333333,1.9891666666666667,33.18958333333333,0.6691666666666666,29.779999999999998,0.9358333333333334,,0.8020833333333334,0.9041666666666667,,71.05458333333333,0.9025,193.83416666666668,125.19416666666666,,,16.460833333333333,0.0
2023-01-27,114.89041666666667,194.45583333333335,10.378333333333334,17.11583333333333,27.51625,3.10875,33.399166666666666,0.8854166666666666,27.037272727272725,1.2404166666666667,,1.0633333333333332,1.1958333333333333,,74.13875,0.78875,187.63833333333332,121.39708333333333,,,16.7225,0.0
2023-01-28,104.62208333333332,182.785,6.889583333333333,17.24083333333333,23.165000000000003,2.782916666666667,33.46541666666666,0.8466666666666667,22.89333333333333,1.185,,1.0154166666666666,1.14375,,71.37583333333333,0.7945833333333333,197.15374999999997,127.03416666666668,,,16.852083333333333,0.0
2023-01-29,85.45625,151.75083333333333,5.914166666666667,13.591666666666667,18.885416666666668,2.194782608695652,33.46875,0.7008333333333333,21.18,0.9804166666666667,,0.8404166666666667,0.945,,68.91,0.6833333333333332,193.80416666666667,138.93,,,17.12875,0.0
2023-01-30,72.37583333333333,139.74291666666667,20.339583333333334,20.673333333333336,43.187083333333334,2.4895833333333335,34.365833333333335,0.73,16.00888888888889,1.02,,0.8729166666666667,0.9820833333333333,,64.965,0.7245833333333334,182.36791666666667,138.24375,,,18.802916666666665,0.0
2023-01-31,67.19291666666668,127.83875,6.1866666666666665,15.088333333333333,20.47125,1.9779166666666665,34.584583333333335,0.7270833333333333,21.568181818181817,1.02,,0.8741666666666666,0.9812500000000001,,60.127916666666664,0.765,194.01125000000002,143.98375000000001,,,18.400833333333335,0.0
2023-02-01,75.37,168.15125,5.208333333333333,16.611666666666668,20.493750000000002,2.2933333333333334,34.64625,0.7154166666666667,16.579166666666666,1.0,,0.8583333333333334,0.9654166666666667,,58.2425,0.7208333333333333,183.54958333333335,94.35083333333334,,,18.493333333333332,0.0
2023-02-02,83.8925,159.18708333333333,6.055416666666667,16.5475,21.50375,3.799583333333333,35.45333333333333,0.7795833333333334,23.985833333333332,1.09375,,0.9358333333333334,1.05375,,57.70416666666667,0.8579166666666667,184.87249999999997,133.3725,,,19.822083333333335,0.0
2023-02-03,72.13666666666667,146.20208333333332,8.209583333333333,17.965,25.431250000000002,3.5275,35.433749999999996,0.7766666666666667,15.32,1.0883333333333334,,0.9329166666666667,1.0495833333333333,,62.19541666666667,0.7616666666666667,199.82583333333332,144.31666666666666,,,18.495416666666667,0.0
2023-02-04,55.33541666666667,115.04833333333333,4.548333333333333,12.942083333333334,16.60125,1.5004166666666665,35.459583333333335,0.49541666666666667,14.429333333333334,0.6954166666666667,,0.5954166666666667,0.6699999999999999,,60.029583333333335,0.9775,189.67666666666665,143.51666666666668,,,17.855416666666667,0.0
2023-02-05,59.70458333333334,109.99291666666666,4.240833333333334,13.018749999999999,16.252916666666668,0.8125,35.711666666666666,0.4766666666666666,15.184666666666667,0.6675,,0.5720833333333334,0.6433333333333333,,58.16958333333333,1.0,179.1866666666667,146.05666666666667,,,16.906666666666666,0.0
2023-02-06,75.10083333333334,160.4725,4.720833333333333,17.600833333333334,20.690416666666668,1.4358823529411764,35.56333333333333,0.57375,19.321428571428573,0.8033333333333333,,0.6883333333333334,0.7741666666666668,,63.927083333333336,0.9641666666666667,190.25125,137.01125,,,16.212083333333332,0.0
2023-02-07,97.53083333333332,194.08624999999998,4.76375,16.491666666666667,19.7975,1.4370833333333335,35.61,0.6749999999999999,27.140625,0.945,,0.8112499999999999,0.91125,,65.03750000000001,1.3637500000000002,199.6625,122.66333333333334,,,15.905416666666667,0.0
2023-02-08,96.53625,169.40708333333333,4.549166666666667,16.457916666666666,19.509583333333335,2.6575,35.82416666666666,0.7200000000000001,24.512307692307694,1.01,,0.8633333333333333,0.9741666666666666,,65.09375,1.1575,196.02874999999997,128.97166666666666,,,16.94875,0.005416666666666667
2023-02-09,77.49291666666666,145.33461538461538,4.445,15.5575,18.61375,1.96,35.694583333333334,0.5975,23.99727272727273,0.8341666666666666,,0.7158333333333333,0.8058333333333333,,66.62625,0.9925,184.3045833333333,132.04666666666665,,,16.840416666666666,0.0
2023-02-10,70.81791666666668,163.025,4.06375,12.51,15.57,1.91,35.57875,0.4558333333333333,15.914736842105263,0.64,,0.54875,0.6175,,69.18041666666666,0.9954166666666667,177.25041666666667,129.45624999999998,,,17.187083333333334,0.0
2023-02-11,92.82125,178.34478260869565,4.62,16.27,19.43583333333333,2.6058333333333334,36.32,0.6308333333333334,24.98470588235294,0.8816666666666667,,0.755,0.85125,,68.71541666666667,1.1741666666666666,200.2770833333333,125.66583333333334,,,17.085,0.0
2023-02-12,79.09125,141.15130434782608,3.8325,11.416666666666666,14.366666666666667,1.8670833333333334,36.518750000000004,0.4925,41.446875,0.6895833333333333,,0.5916666666666667,0.6658333333333334,,64.65166666666666,1.46375,227.47541666666666,118.38208333333334,,,17.812916666666666,0.0
2023-02-13,66.06125,159.11166666666665,3.5500000000000003,11.716666666666667,14.299583333333333,1.7879166666666666,37.235416666666666,0.3983333333333334,26.474166666666665,0.5599999999999999,,0.47875,0.5379166666666667,,60.017500000000005,1.4487500000000002,191.75166666666667,134.02166666666668,,,18.36916666666667,0.0
2023-02-14,73.90916666666666,173.42608695652174,4.0075,16.781666666666666,19.106666666666666,1.6491666666666667,36.96083333333333,0.5991666666666667,22.331875,0.8420833333333334,,0.7216666666666667,0.8104166666666667,,61.15833333333333,0.7599999999999999,170.04291666666668,138.35916666666665,,,17.778333333333332,0.0
2023-02-15,86.8625,171.92333333333332,4.502083333333333,16.38625,19.39875,3.344583333333333,37.65708333333333,0.6491666666666667,25.589375,0.9083333333333333,,0.7775,0.8762500000000001,,67.09833333333334,0.9783333333333334,176.2279166666667,125.03416666666668,,,18.64875,0.0
2023-02-16,97.75083333333333,182.81083333333333,5.06125,17.612916666666667,21.13,4.306666666666667,37.821666666666665,0.7641666666666667,32.277499999999996,1.0716666666666665,,0.9183333333333333,1.0329166666666667,,65.58291666666666,0.9595833333333333,180.98291666666668,121.85374999999999,,,19.339583333333334,0.0
2023-02-17,70.59583333333333,142.21708333333333,4.434166666666667,14.121666666666668,17.450833333333332,3.0429166666666667,37.82541666666666,0.6141666666666666,22.266666666666666,0.86,,0.7358333333333333,0.8283333333333333,,63.115,0.8633333333333333,194.55625,141.6675,,,19.813333333333333,0.0
2023-02-18,67.82666666666667,141.07583333333335,4.135833333333333,13.778333333333334,16.789583333333333,3.4279166666666665,38.45541666666667,0.5479166666666667,21.54,0.7666666666666666,,0.6579166666666667,0.7391666666666666,,65.79666666666667,0.9458333333333333,206.49708333333334,133.78291666666667,,,19.642500000000002,0.0
2023-02-19,73.84541666666667,145.62125,4.15375,14.362916666666665,17.27125,3.62375,38.59666666666667,0.5875,21.868571428571432,0.8220833333333334,,0.7054166666666667,0.7925,,63.67166666666666,0.8070833333333334,193.99166666666667,136.89541666666665,,,20.160833333333333,0.0
2023-02-20,85.39625,168.1325,4.4475,15.858333333333334,18.902083333333334,4.645833333333333,39.50416666666667,0.6379166666666667,25.114666666666665,0.8920833333333333,,0.76625,0.8616666666666667,,62.4025,0.8820833333333332,196.91416666666666,125.15958333333333,,,21.21708333333333,0.0
2023-02-21,91.52375,175.12291666666667,4.414166666666667,14.83625,18.001250000000002,3.984583333333333,39.293749999999996,0.6129166666666667,22.018125,0.8583333333333334,,0.7362500000000001,0.8279166666666667,,66.40208333333334,1.0,189.83375,121.09333333333335,,,20.041666666666668,0.0
2023-02-22,102.10666666666667,198.91416666666666,5.007916666666667,18.074583333333333,21.469583333333333,3.6454166666666663,39.365833333333335,0.6941666666666667,26.41375,0.9725,,0.8337500000000001,0.9375,,64.71583333333334,1.0758333333333334,195.5979166666667,128.07916666666668,,,20.19333333333333,0.0
2023-02-23,72.04458333333334,133.81333333333333,3.549583333333333,9.567916666666667,12.52875,2.7295833333333337,40.094166666666666,0.3833333333333333,35.4695652173913,0.5358333333333333,,0.45708333333333334,0.5158333333333334,,62.20208333333333,1.7654166666666666,234.05916666666667,131.915,,,21.818749999999998,0.0
2023-02-24,59.779583333333335,133.45333333333335,3.5058333333333334,12.77625,15.145000000000001,1.8983333333333334,40.3375,0.40458333333333335,24.575,0.5658333333333333,,0.48583333333333334,0.5491666666666667,,58.31,1.3683333333333334,214.67041666666668,149.88791666666665,,,21.41875,0.0
2023-02-25,73.705,158.05708333333334,3.6983333333333337,14.5875,16.87666666666667,1.7220833333333332,40.030833333333334,0.5095833333333334,21.902105263157893,0.71125,,0.6116666666666667,0.6870833333333333,,56.64333333333334,0.88375,171.42083333333335,125.32083333333333,,,20.59125,0.0
2023-02-26,76.43625,154.35708333333335,4.06,15.183749999999998,17.840833333333332,2.8049999999999997,40.35208333333333,0.5658333333333333,20.781176470588235,0.7904166666666667,,0.6783333333333333,0.76375,,61.515833333333326,1.0279166666666666,205.50249999999997,141.04375,,,20.87666666666667,0.0
2023-02-27,76.562,174.51266666666666,3.7693333333333334,14.166666666666666,16.618666666666666,1.9326666666666668,39.876,0.486,28.689285714285713,0.6799999999999999,,0.584,0.6566666666666666,,59.936,1.5873333333333333,189.774,229.66066666666666,,,19.046666666666667,0.0
2023-02-28,,,,,,,,,,,,,,,,,,,,,,
2023-03-01,,,,,,,,,,,,,,,,,,,,,,
2023-03-02,,,,,,,,,,,,,,,,,,,,,,
2023-03-03,60.425714285714285,138.58214285714286,3.5028571428571427,14.891428571428573,16.912142857142857,3.4757142857142855,40.169285714285714,0.48714285714285716,31.080000000000002,0.6814285714285714,,0.5828571428571429,0.6571428571428571,,43.925714285714285,1.3464285714285715,212.1764285714286,172.0092857142857,,,24.017857142857142,0.0
2023-03-04,88.90249999999999,179.07875,4.690416666666667,17.615,20.660833333333333,4.419583333333333,39.92541666666667,0.6741666666666667,27.77235294117647,0.945,,0.8095833333333333,0.91125,,57.67583333333334,0.8158333333333333,198.43166666666664,140.15041666666667,,,20.985416666666666,0.0
2023-03-05,94.89625000000001,172.0175,4.089583333333334,16.5675,19.030833333333334,5.6312500000000005,39.77916666666667,0.68125,27.09058823529412,0.9520833333333334,,0.81625,0.9195833333333333,,57.25875,0.9016666666666667,192.21916666666667,143.76791666666665,,,21.80458333333333,0.0
2023-03-06,73.24333333333333,151.12708333333333,3.6041666666666665,13.7425,16.077916666666667,4.847916666666666,40.229166666666664,0.49541666666666667,26.12608695652174,0.6945833333333334,,0.59375,0.6699999999999999,,55.11625,1.2191666666666667,207.845,140.40333333333334,,,22.223333333333333,0.0
2023-03-07,63.36666666666667,135.0975,3.63625,14.511666666666665,16.742916666666666,3.8891666666666667,39.482499999999995,0.47833333333333333,36.07869565217391,0.6704166666666667,,0.57375,0.6466666666666666,,54.33166666666667,1.4591666666666667,202.89416666666668,156.34291666666667,,,21.84958333333333,0.0
2023-03-08,76.58708333333333,135.85958333333335,3.695,14.209166666666667,16.585833333333333,3.780416666666667,39.072916666666664,0.5679166666666666,32.0505,0.7949999999999999,,0.6825,0.7675,,48.18541666666667,1.0362500000000001,211.44916666666666,148.50083333333333,,,22.170416666666668,0.0
2023-03-09,100.0,164.95000000000002,3.79125,17.125833333333333,19.124583333333334,5.200833333333333,38.986666666666665,0.7475,30.995263157894737,1.0466666666666666,,0.8975,1.0108333333333333,,47.040416666666665,0.9795833333333334,208.42125,123.9875,,,22.50916666666667,0.0
2023-03-10,94.65125,163.9325,3.8195833333333336,17.29375,19.297916666666666,5.062083333333333,39.253750000000004,0.7279166666666667,21.914545454545454,1.0191666666666668,,0.8737499999999999,0.9824999999999999,,50.30041666666667,0.9583333333333334,180.60208333333333,101.39958333333334,,,21.785416666666666,0.0
2023-03-11,116.9775,185.63083333333336,3.984583333333333,18.3275,20.362083333333334,5.882083333333333,39.38625,0.8366666666666666,27.2375,1.1720833333333334,,1.00375,1.1304166666666666,,52.06166666666667,0.9566666666666667,194.10041666666666,119.28458333333333,,,22.062083333333334,0.0
2023-03-12,117.92750000000001,191.39625,5.053333333333334,19.794166666666666,22.9575,6.3495833333333325,40.34083333333333,0.8424999999999999,32.02611111111111,1.18,,1.01,1.13625,,53.28708333333333,0.8733333333333334,208.24958333333333,140.74708333333334,,,22.4575,0.0
2023-03-13,110.20083333333334,197.43833333333336,4.2675,21.47666666666667,23.348333333333333,6.562083333333334,40.54833333333333,0.80125,28.73526315789474,1.1220833333333333,,0.9625,1.0833333333333333,,54.45541666666667,0.7866666666666666,189.34375,143.30125,,,22.517083333333332,0.0
2023-03-14,107.60583333333334,180.7229166666667,4.151666666666666,17.756666666666664,20.10625,6.61,40.23708333333333,0.7579166666666667,36.07190476190476,1.0629166666666667,,0.9095833333333333,1.0245833333333334,,55.57583333333333,1.2508333333333332,203.43083333333334,146.01791666666665,,,22.074583333333333,0.0
2023-03-15,102.09666666666668,184.94291666666666,3.9158333333333335,17.020416666666666,19.175416666666667,6.5183333333333335,38.99458333333333,0.6620833333333334,31.87608695652174,0.9275000000000001,,0.7958333333333334,0.8958333333333334,,66.62875,1.19625,171.72625000000002,92.10916666666667,,,19.969583333333333,0.02
2023-03-16,78.18541666666667,130.34875,4.05375,15.010416666666666,17.65375,4.7804166666666665,38.702083333333334,0.5175,29.12909090909091,0.7254166666666667,,0.6208333333333333,0.69875,,64.09291666666667,1.1233333333333333,195.66291666666666,141.76041666666666,,,21.09958333333333,0.0
2023-03-17,120.22458333333333,195.9325,8.844166666666666,22.635416666666668,30.144583333333333,7.0254166666666675,38.389583333333334,0.88,14.88846153846154,1.2320833333333334,,1.0558333333333334,1.1858333333333333,,78.56416666666667,0.66375,168.37,41.38875,,,17.834583333333335,0.035833333333333335
2023-03-18,119.52333333333333,202.6966666666667,6.0008333333333335,22.661666666666665,26.555833333333336,7.815833333333334,37.833333333333336,0.9133333333333334,14.219090909090909,1.2779166666666668,,1.09625,1.2329166666666667,,73.74416666666667,0.53,179.38791666666668,54.20916666666667,,,18.910833333333333,0.0020833333333333333
2023-03-19,110.60833333333333,152.62416666666667,5.379166666666666,18.91541666666667,22.633750000000003,7.5275,37.389583333333334,0.79,7.974166666666666,1.1045833333333335,,0.9458333333333333,1.0666666666666667,,88.8825,0.5066666666666667,176.16208333333336,30.04625,,,16.2575,0.12083333333333333
2023-03-20,40.370416666666664,60.923750000000005,6.41375,15.704583333333332,21.287499999999998,7.0675,37.5475,0.4770833333333333,8.10909090909091,0.6666666666666666,,0.5733333333333334,0.6445833333333334,,88.46749999999999,0.7245833333333334,179.25083333333336,82.55083333333333,,,18.208333333333332,0.22
2023-03-21,26.0185,58.003499999999995,5.175,13.2815,16.69047619047619,6.2163157894736845,37.4815,0.33904761904761904,14.267142857142858,0.47333333333333333,,0.425,0.4795,,80.916,0.8724999999999999,189.103,59.50714285714286,,,18.34,0.0019047619047619048
2023-03-22,35.975,66.73666666666666,4.201666666666667,11.988333333333335,15.342083333333333,5.12625,38.29708333333333,0.3779166666666667,14.038125,0.5275,,0.45208333333333334,0.5083333333333333,,84.80166666666666,0.8191666666666667,137.17249999999999,76.40333333333334,,,17.431250000000002,0.11916666666666666
2023-03-23,38.05041666666667,74.53583333333334,3.719583333333333,10.745416666666666,13.685416666666667,3.8520833333333333,38.60458333333333,0.33208333333333334,24.22764705882353,0.46374999999999994,,0.39875,0.4475,,73.25208333333333,1.0404166666666665,188.25333333333333,102.76625,,,18.843333333333334,0.030833333333333334
2023-03-24,41.056666666666665,81.25166666666667,3.7312499999999997,10.907916666666667,13.834583333333333,3.5245833333333336,39.33291666666667,0.33625,25.786,0.47,,0.40458333333333335,0.45166666666666666,,66.78833333333334,1.1520833333333333,205.37041666666667,150.71958333333333,,,20.168333333333333,0.0
2023-03-25,42.660869565217396,83.14695652173914,3.6617391304347824,11.083043478260869,13.889565217391304,4.044782608695653,40.54608695652174,0.3247826086956522,31.195714285714285,0.45521739130434785,,0.38913043478260867,0.43913043478260866,,67.45521739130434,1.4343478260869567,195.4917391304348,170.31304347826085,,,20.621739130434783,0.0508695652173913
2023-03-26,,,,,,,,,,,,,,,,,,,,,,
2023-03-27,42.440909090909095,116.0,3.410909090909091,8.567272727272728,11.232727272727272,6.715999999999999,39.77727272727273,0.2409090909090909,35.17454545454546,0.33545454545454545,,0.2872727272727273,0.32363636363636367,,66.04272727272728,1.2863636363636364,186.1509090909091,57.33636363636364,,,23.39909090909091,0.061818181818181814
2023-03-28,43.1325,116.0,3.745416666666667,10.519166666666667,13.518333333333333,5.121666666666667,41.07791666666667,0.3016666666666667,27.767272727272726,0.42416666666666664,,0.3620833333333333,0.4083333333333334,,69.62416666666667,1.0158333333333334,185.60458333333335,132.6,,,22.100416666666664,0.0
2023-03-29,48.095,116.0,3.51375,11.590000000000002,14.122083333333334,3.1733333333333333,40.081250000000004,0.3575,19.932727272727274,0.5004166666666666,,0.4291666666666667,0.4825,,73.27458333333333,0.7595833333333334,172.82875,49.46791666666667,,,19.1925,0.03791666666666666
2023-03-30,51.687083333333334,115.86291666666666,3.715,12.259166666666667,14.920416666666666,3.3316666666666666,39.982083333333335,0.395,26.836000000000002,0.5529166666666666,,0.47333333333333333,0.5316666666666666,,71.08541666666666,1.1875,205.52625,146.59,,,20.77208333333333,0.0
2023-03-31,35.18,116.0,3.504583333333333,10.144583333333333,12.897916666666667,4.04125,40.7975,0.28291666666666665,31.42375,0.3958333333333333,,0.34,0.3825,,65.77708333333334,1.17625,199.40541666666664,133.76541666666665,,,22.517083333333332,0.06624999999999999
