From Date,PM2.5 (ug/m3),PM10 (ug/m3),NO (ug/m3),NO2 (ug/m3),NOx (ppb),SO2 (ug/m3),CO (mg/m3),Ozone (ug/m3),RH (%),WS (m/s),WD (degree),SR (W/mt2),BP (mmHg),AT (degree)
2022-04-22,41.88875,150.7175,0.28,3.255,3.5324999999999998,5.6475,0.43374999999999997,15.38375,,1.5250000000000001,192.40125,,800.26375,
2022-04-23,39.57875,115.16666666666667,0.29250000000000004,2.8295833333333333,3.1191666666666666,5.329583333333333,0.3745833333333333,14.7325,,2.04625,207.6575,,800.2641666666667,
2022-04-24,43.27291666666667,108.94625,0.28958333333333336,3.138333333333333,3.4275,4.97375,0.4216666666666667,15.58875,,1.7891666666666666,203.64916666666667,,800.2633333333333,
2022-04-25,46.74583333333334,127.31916666666666,0.2804166666666667,2.9566666666666666,3.23625,4.84375,0.4575,17.839166666666667,24.1,2.2375000000000003,208.18083333333334,38.7875,800.2620833333334,
2022-04-26,93.15541666666667,219.95125,0.28250000000000003,2.8049999999999997,3.0875,4.8566666666666665,0.525,16.764583333333334,30.188333333333333,1.8445833333333332,201.61958333333334,175.08083333333332,800.255,31.084374999999998
2022-04-27,65.20208333333333,145.56333333333333,0.27875,2.9095833333333334,3.185833333333333,5.0720833333333335,0.6333333333333334,20.030833333333334,34.66416666666667,1.5775,197.40875000000003,165.48291666666668,800.2525,27.81041666666667
2022-04-28,68.58125,148.20791666666668,0.27416666666666667,2.99,3.2624999999999997,4.948333333333333,0.7325,25.865,34.415,1.5433333333333332,192.43666666666664,162.78375,800.2491666666666,29.072916666666668
2022-04-29,60.57,139.72500000000002,0.265,2.405,0.3357142857142857,4.914999999999999,0.09857142857142856,14.43,45.224999999999994,0.375,135.22,0.07571428571428572,800.25,24.585
2022-04-30,55.586666666666666,155.92083333333332,0.2775,3.2241666666666666,3.44,4.7625,0.6183333333333333,28.974999999999998,31.536666666666665,1.8908333333333334,192.93416666666667,160.3325,800.2400000000001,32.31916666666667
2022-05-01,52.8325,128.48166666666665,0.2783333333333334,2.8683333333333336,3.1437500000000003,4.915,0.6083333333333333,20.312916666666666,37.21541666666666,2.0220833333333332,164.88750000000002,163.16458333333333,800.2433333333333,29.183333333333334
2022-05-02,30.92,117.22583333333334,0.28458333333333335,3.0004166666666667,3.2841666666666662,5.039583333333334,0.60125,17.395416666666666,51.42416666666667,1.43625,178.275,138.63875,800.2454166666666,27.7525
2022-05-03,48.395833333333336,125.30416666666667,0.2866666666666667,2.8016666666666663,3.061666666666667,5.235833333333333,0.6141666666666666,34.0925,51.79958333333334,1.5470833333333334,194.99458333333334,139.82333333333335,800.2441666666667,28.38625
2022-05-04,37.080666666666666,105.09533333333334,0.2833333333333333,2.668,1.7445833333333336,4.580666666666667,0.33249999999999996,31.359333333333332,49.943333333333335,1.716,187.2146666666667,86.16583333333334,810.3313333333333,24.9
2022-05-05,35.3465,95.97200000000001,0.3345,4.5329999999999995,3.9324999999999997,4.7325,0.47291666666666665,31.707,57.746500000000005,1.1385,179.378,98.26791666666666,800.24,24.4605
2022-05-06,52.52125,116.0825,0.2816666666666667,3.3954166666666663,3.674166666666667,4.7387500000000005,0.6945833333333334,54.93,51.12416666666667,1.6604166666666667,197.89458333333334,183.27458333333334,800.2404166666666,27.040000000000003
2022-05-07,46.89388888888888,99.16833333333334,0.2816666666666667,2.9294444444444445,2.267916666666667,4.888888888888889,0.5191666666666667,39.236111111111114,54.199444444444445,1.0138888888888888,178.67388888888888,39.08375,800.24,25.177777777777777
2022-05-08,39.504583333333336,95.65041666666667,0.27958333333333335,2.49375,2.7729166666666667,4.72,0.7483333333333334,52.62375,49.27,1.4504166666666667,178.74708333333334,173.88708333333332,800.24125,27.547916666666666
2022-05-09,46.31708333333333,106.19666666666666,0.2775,2.61375,2.890833333333333,5.007916666666667,0.8379166666666666,48.75833333333333,55.504999999999995,1.6725,169.32083333333333,164.21875,800.2404166666666,28.076666666666668
2022-05-10,27.74434782608696,65.20708333333333,0.29,2.7541666666666664,3.044166666666667,4.5945833333333335,0.7783333333333333,24.799166666666665,66.33166666666666,1.6016666666666666,177.11416666666665,142.29666666666665,802.3879166666667,26.082083333333333
2022-05-11,35.41791666666666,79.59416666666667,0.30833333333333335,3.1591666666666662,3.467916666666667,4.902916666666667,0.8308333333333334,27.729583333333334,65.04416666666667,1.4445833333333333,181.09833333333333,156.88958333333332,800.2400000000001,27.655833333333334
2022-05-12,44.07708333333333,102.04833333333333,0.2920833333333333,3.2274999999999996,3.4766666666666666,4.922083333333333,0.6729166666666666,30.122083333333332,64.66791666666667,1.7995833333333333,170.21416666666667,137.185,800.24125,28.13875
2022-05-13,37.84041666666666,86.18,0.29,3.1179166666666664,3.404166666666667,4.402083333333334,0.4154166666666667,36.50833333333333,59.290416666666665,1.5033333333333332,196.0533333333333,155.77208333333334,800.2441666666667,28.5
2022-05-14,51.84583333333333,122.45916666666666,0.28291666666666665,2.922083333333333,3.2025,4.765416666666667,0.5325,55.67791666666667,53.090833333333336,1.4495833333333332,186.04083333333332,173.53791666666666,800.2400000000001,30.697916666666668
2022-05-15,52.471666666666664,127.77666666666666,0.2808333333333333,2.5370833333333334,2.8179166666666666,5.132916666666667,0.56875,55.96958333333333,50.183749999999996,1.4991666666666665,179.53875000000002,172.45416666666665,800.2595833333334,30.79375
2022-05-16,55.98466666666666,127.792,0.2813333333333334,2.3346666666666662,1.6116666666666666,5.107333333333333,0.36916666666666664,53.76266666666667,54.39666666666667,1.812,171.53400000000002,133.87333333333333,800.24,30.701999999999998
2022-05-17,,,,,0.0,,0.0,,,,,0.0,,
2022-05-18,,,,,0.0,,0.0,,,,,0.0,,
2022-05-19,,,,,0.0,,0.0,,,,,0.0,,
2022-05-20,,,,,0.0,,0.0,,,,,0.0,,
2022-05-21,56.403636363636366,154.64090909090908,0.29090909090909095,2.7818181818181817,1.4066666666666665,3.297272727272727,0.11875000000000001,80.63272727272728,36.166363636363634,1.9781818181818183,181.75454545454545,67.14833333333333,800.2427272727273,31.493636363636366
2022-05-22,40.24916666666667,104.26833333333333,0.2920833333333333,2.5741666666666667,2.8641666666666663,3.061666666666667,0.27458333333333335,73.825,41.15541666666667,2.1995833333333334,169.41666666666666,181.22541666666666,800.2404166666666,27.462083333333336
2022-05-23,5.859230769230769,33.844166666666666,0.28619047619047616,2.170952380952381,2.1095833333333336,3.488571428571429,0.3045833333333333,48.91238095238096,60.19809523809524,3.019047619047619,175.6709523809524,115.86458333333333,804.1461904761904,23.284761904761904
2022-05-24,14.375,36.48916666666667,0.29291666666666666,2.5420833333333333,2.8358333333333334,3.0995833333333334,0.30291666666666667,27.65125,72.59083333333334,2.231666666666667,207.53333333333333,107.47208333333333,800.2400000000001,21.748333333333335
2022-05-25,16.754166666666666,46.75541666666666,0.2916666666666667,2.1316666666666664,2.424166666666667,3.04625,0.25083333333333335,38.326249999999995,60.0375,1.83875,190.90833333333333,211.93833333333336,800.2408333333333,24.8325
2022-05-26,29.250833333333333,79.97833333333334,0.2970833333333333,2.7066666666666666,3.0025,3.56875,0.38166666666666665,46.63916666666666,64.15708333333333,1.15125,180.26541666666665,154.35999999999999,800.2404166666666,25.78125
2022-05-27,43.43833333333333,103.3875,0.29083333333333333,2.910833333333333,3.202083333333333,4.1425,0.49833333333333335,49.47541666666667,61.681666666666665,1.5308333333333335,191.12750000000003,183.66458333333333,800.24125,27.37708333333333
2022-05-28,60.840833333333336,135.13458333333332,0.28458333333333335,2.7391666666666663,3.0204166666666663,4.4225,0.5441666666666667,61.38166666666667,59.848749999999995,1.8083333333333333,166.14166666666668,153.04958333333335,800.2420833333334,28.542916666666667
2022-05-29,41.20666666666667,115.4175,0.28833333333333333,2.405,2.6925000000000003,3.64,0.4454166666666666,52.92041666666666,58.211666666666666,1.6579166666666667,173.98166666666668,169.80916666666667,800.2408333333333,29.17125
2022-05-30,44.44,145.15583333333333,0.285,2.2908333333333335,2.57375,4.05375,0.45083333333333336,43.62625,62.39666666666667,1.6104166666666666,166.33375,170.28083333333333,800.2416666666667,29.6825
2022-05-31,50.166666666666664,157.22375,0.29958333333333337,2.51125,2.8095833333333338,4.24125,0.37916666666666665,31.402083333333334,56.81375,1.4204166666666669,188.18916666666667,167.96208333333334,800.3758333333334,28.80541666666667
2022-06-01,55.45791666666667,146.28,0.30333333333333334,3.06625,3.3695833333333334,3.952083333333333,0.3754166666666667,57.05291666666667,41.342083333333335,1.8395833333333333,213.53708333333336,197.57291666666666,800.2891666666666,29.844166666666666
2022-06-02,37.74458333333333,121.41833333333334,0.32166666666666666,3.095,3.4179166666666667,3.6145833333333335,0.35625,48.404583333333335,28.966250000000002,2.169166666666667,211.53416666666666,212.57958333333332,800.3045833333334,30.395833333333332
2022-06-03,51.44444444444444,110.07333333333334,0.3133333333333333,3.5900000000000003,1.4304166666666667,3.901111111111111,0.21083333333333332,7.362222222222223,25.814999999999998,1.8825,207.34541666666667,212.72125000000003,800.2970833333334,30.655
2022-06-04,36.70733333333333,127.532,0.296,2.6973333333333334,1.8704166666666666,4.007333333333333,0.225,74.78133333333334,29.196250000000003,1.7804166666666668,203.18541666666667,205.33083333333335,800.3154166666667,30.80458333333333
2022-06-05,52.69083333333333,128.9325,0.295,2.6570833333333335,2.950416666666667,4.214583333333334,0.45083333333333336,59.98291666666666,28.4475,1.6791666666666665,189.135,197.25083333333336,800.3145833333333,31.596666666666664
2022-06-06,53.54624999999999,157.47708333333333,0.29250000000000004,2.57625,2.8670833333333334,4.149166666666667,0.43583333333333335,65.05541666666666,32.465833333333336,1.5995833333333334,183.06375,183.36041666666665,800.3154166666667,31.64625
2022-06-07,57.73541666666667,169.55625,0.29375,2.7145833333333336,3.0079166666666666,4.07125,0.41291666666666665,102.23545454545454,36.98708333333333,1.3941666666666668,190.72500000000002,179.79708333333335,800.3045833333334,32.12416666666667
2022-06-08,67.38000000000001,201.37541666666667,0.29125,2.96625,3.2575,3.88875,0.4166666666666667,103.57125,36.910833333333336,1.8641666666666667,204.56583333333333,177.1575,800.2941666666667,32.63041666666667
2022-06-09,58.74583333333334,222.2279166666667,0.2920833333333333,2.7245833333333334,3.0191666666666666,3.8695833333333334,0.32125,102.83958333333334,39.67791666666667,1.8412499999999998,191.07958333333332,179.67291666666665,800.2970833333334,32.06125
2022-06-10,53.23791666666667,191.36625,0.29416666666666663,2.8966666666666665,3.189583333333333,3.954166666666667,0.25333333333333335,110.38956521739131,37.71625,2.212083333333333,190.94125,176.52874999999997,800.3454166666667,32.469166666666666
2022-06-11,43.4475,141.20208333333332,0.2966666666666667,2.9158333333333335,3.2125,3.7920833333333337,0.23500000000000001,75.69869565217391,47.21,1.8354166666666665,194.83791666666664,190.57875,801.6687499999999,30.06958333333333
2022-06-12,41.971250000000005,165.63583333333335,0.30666666666666664,3.345416666666667,3.6520833333333336,3.611666666666667,0.2754166666666667,80.74791666666667,45.05125,1.9970833333333333,203.29333333333332,189.07791666666665,800.3095833333333,31.10083333333333
2022-06-13,66.7,193.63071428571428,0.2978571428571429,3.2399999999999998,1.9729166666666667,3.8728571428571428,0.28458333333333335,85.80714285714285,47.31071428571429,1.0307142857142857,192.065,120.665,800.2807142857143,30.84642857142857
2022-06-14,,,,,0.0,,0.0,,,,,0.0,,
2022-06-15,45.7975,207.568125,0.30125,3.53875,3.614705882352941,3.324375,0.0011764705882352942,111.39937499999999,45.0625,3.80875,200.00875,225.84411764705882,804.406875,32.968125
2022-06-16,24.083333333333332,55.29624999999999,0.30583333333333335,4.14875,4.455,3.4579166666666663,0.0008333333333333334,51.5425,65.39708333333333,1.6216666666666668,203.75708333333333,123.56583333333333,800.3883333333333,27.386666666666667
2022-06-17,26.5625,53.629583333333336,0.30041666666666667,3.7295833333333337,4.0304166666666665,3.497916666666667,0.008749999999999999,45.22958333333333,72.8175,2.1824999999999997,195.97375,112.4875,808.5841666666666,25.765833333333333
2022-06-18,28.664583333333336,54.12916666666666,0.405,4.276666666666666,4.682083333333334,4.200833333333333,0.13875,23.27625,85.22500000000001,1.5274999999999999,184.43583333333333,37.08708333333333,800.3425000000001,22.806250000000002
2022-06-19,16.105416666666667,45.31875,0.35791666666666666,3.4008333333333334,3.7587499999999996,3.512083333333333,0.06833333333333334,34.865,68.81833333333333,1.2750000000000001,211.14374999999998,126.82625,800.3616666666667,24.884583333333335
2022-06-20,19.78708333333333,47.36875,0.29958333333333337,2.909166666666667,3.2083333333333335,3.5941666666666667,0.11333333333333333,44.94166666666666,67.31125,1.6395833333333334,200.72375,184.70666666666668,800.3320833333333,25.348333333333333
2022-06-21,14.412173913043478,40.29695652173913,0.31166666666666665,2.527083333333333,2.839166666666667,3.4920833333333334,0.18208333333333335,29.173333333333332,69.85458333333334,1.6408333333333334,163.57874999999999,133.90583333333333,800.7316666666667,24.344583333333333
2022-06-22,24.783529411764704,67.07157894736842,0.3059090909090909,2.7871428571428574,2.57125,4.003636363636364,0.33375,32.385714285714286,63.85545454545454,1.494090909090909,195.51909090909092,109.71249999999999,800.2459090909091,26.765454545454546
2022-06-23,43.73416666666666,121.51916666666666,0.31375000000000003,2.5791666666666666,2.891666666666667,3.7883333333333336,0.35250000000000004,40.48916666666667,57.03041666666667,1.64125,209.23708333333332,192.68583333333333,800.2845833333334,28.814999999999998
2022-06-24,40.33416666666667,128.76041666666666,0.29083333333333333,2.39875,2.6904166666666662,3.2779166666666666,0.4166666666666667,77.81166666666667,50.850833333333334,1.5641666666666667,193.38708333333332,191.63166666666666,800.24125,29.207916666666666
2022-06-25,43.9275,119.84625,0.28125,2.2704166666666667,2.5504166666666666,3.5175,0.4379166666666667,86.92666666666666,50.38458333333333,1.3399999999999999,177.12291666666667,160.02875,800.2400000000001,29.8075
2022-06-26,35.69083333333333,83.57333333333334,0.28875,1.9758333333333333,2.2645833333333334,3.6604166666666664,0.3416666666666666,40.00416666666667,69.22625000000001,1.1329166666666668,178.20541666666668,125.26583333333333,800.2400000000001,28.901666666666667
2022-06-27,25.369583333333335,58.69625,0.3025,2.495833333333333,2.8029166666666665,4.003333333333333,0.35833333333333334,21.985833333333332,74.5175,1.2,185.82291666666666,120.31333333333333,800.27,29.05875
2022-06-28,28.025833333333335,59.845,0.30083333333333334,3.2566666666666664,3.5583333333333336,3.983333333333333,0.2966666666666667,32.00125,76.17125,1.45125,179.17791666666668,106.62374999999999,800.3608333333333,29.320416666666663
2022-06-29,29.50238095238095,52.47863636363636,0.28125,2.4120833333333334,2.6929166666666666,3.2704166666666663,0.3804166666666667,40.358333333333334,82.57083333333334,1.7066666666666668,141.52916666666667,90.42083333333333,804.5229166666667,26.842083333333335
2022-06-30,12.779565217391305,26.874782608695654,0.2758333333333333,2.26125,2.53625,2.8804166666666666,0.32166666666666666,29.96166666666667,86.99083333333334,1.4779166666666665,167.58083333333335,41.901666666666664,800.2420833333334,24.757499999999997
2022-07-01,12.95125,37.09708333333334,0.2791666666666667,2.5066666666666664,2.7854166666666664,2.891666666666667,0.36541666666666667,14.95375,83.97166666666666,1.22625,217.06083333333333,100.10666666666667,800.2400000000001,26.054166666666664
2022-07-02,10.906,28.715625,0.2795238095238095,2.32047619047619,2.1245833333333333,3.066666666666667,0.35833333333333334,18.454761904761906,80.87857142857143,1.6080952380952382,156.88857142857142,134.73833333333332,801.214761904762,27.47095238095238
2022-07-03,10.33904761904762,22.001304347826085,0.27791666666666665,1.8979166666666665,2.17625,2.8008333333333333,0.33041666666666664,18.57125,82.39375,1.4916666666666665,182.54958333333332,167.96958333333333,802.9504166666667,27.182083333333335
2022-07-04,17.114583333333332,37.58083333333333,0.27875,1.8954166666666667,2.1733333333333333,3.0050000000000003,0.3729166666666666,13.524583333333334,81.44833333333334,1.0858333333333332,161.08208333333334,125.97208333333333,800.2408333333333,27.74
2022-07-05,22.525833333333335,45.55416666666667,0.27625000000000005,1.84875,2.1225,3.092916666666667,0.40208333333333335,20.56125,80.18041666666666,1.54625,170.28541666666666,143.64166666666668,801.6225,28.799166666666665
2022-07-06,17.103846153846153,38.598,0.27866666666666673,2.2486666666666664,2.5260000000000002,2.874,0.34199999999999997,13.594666666666667,73.25066666666666,1.4426666666666668,204.48,190.76933333333332,800.24,29.970666666666666
2022-07-07,,,,,,,,,,,,,,
2022-07-08,12.335384615384614,38.56875,0.27687500000000004,2.506875,1.8554166666666667,3.0225,0.22208333333333333,26.583125,80.369375,1.9275,165.413125,91.505,809.394375,28.575
2022-07-09,10.799523809523809,22.40909090909091,0.2733333333333334,2.2075,2.48,3.02125,0.2725,29.860416666666666,90.82041666666667,1.2691666666666668,170.76,32.206250000000004,801.5166666666668,24.799583333333334
2022-07-10,9.543333333333333,20.482083333333332,0.27375,1.9929166666666667,2.2670833333333333,2.665,0.27166666666666667,26.0625,81.41416666666667,1.2429166666666667,174.58541666666667,117.27291666666667,805.5191666666666,26.470416666666665
2022-07-11,9.118461538461538,33.025333333333336,0.27266666666666667,2.2013333333333334,1.4116666666666668,2.740666666666667,0.23708333333333334,15.245333333333333,75.88733333333333,1.206,178.682,130.98499999999999,800.2180000000001,27.968
2022-07-12,13.577272727272726,30.178181818181816,0.2730769230769231,1.8284615384615384,1.0479166666666668,2.7038461538461536,0.17375,19.73923076923077,78.64769230769231,1.1653846153846155,159.5176923076923,44.85833333333333,801.0100000000001,28.177692307692308
2022-07-13,14.141363636363637,33.93954545454545,0.27416666666666667,2.374166666666667,2.4891666666666663,2.8891666666666667,0.42874999999999996,14.386249999999999,82.28291666666667,1.4166666666666667,171.62541666666667,112.7475,800.2320833333333,26.97458333333333
2022-07-14,8.792916666666667,31.859166666666667,0.2754166666666667,2.3966666666666665,2.670833333333333,2.7745833333333336,0.44458333333333333,10.06875,78.34708333333333,1.1570833333333332,193.28083333333333,115.61833333333334,800.2283333333334,26.885416666666668
2022-07-15,12.515,20.47,0.27,1.72,1.995,2.635,0.41500000000000004,6.949999999999999,86.195,0.31,151.245,2.875,800.22,24.125
2022-07-16,5.565625,26.785625,0.28,1.684375,1.96375,2.656875,0.4,22.885625,61.304375,2.035,207.73125,276.918125,800.2112500000001,31.051875
2022-07-17,11.327083333333334,30.992499999999996,0.27666666666666667,1.8633333333333333,2.1408333333333336,2.7841666666666662,0.46458333333333335,16.752083333333335,76.42125,1.7029166666666666,204.21583333333334,168.0025,800.2283333333334,28.392916666666668
2022-07-18,14.853333333333333,38.04826086956522,0.28208333333333335,2.3670833333333334,2.549166666666667,3.0516666666666663,0.5970833333333333,13.842916666666667,75.75625000000001,1.0654166666666667,184.58791666666664,118.15833333333335,800.2366666666667,28.89625
2022-07-19,18.503333333333334,33.650416666666665,0.275,1.8383333333333332,2.1108333333333333,2.8829166666666666,0.5379166666666667,21.6375,83.08208333333333,1.1745833333333333,148.94916666666666,61.23041666666666,800.2391666666667,27.645416666666666
2022-07-20,10.127391304347826,20.414347826086956,0.2765217391304348,1.7817391304347825,2.0586956521739133,2.6291304347826085,0.528695652173913,28.27130434782609,87.84260869565217,1.7008695652173913,149.76043478260868,64.35,804.705652173913,25.11826086956522
2022-07-21,12.29375,26.75125,0.273125,1.66125,1.9337499999999999,2.679375,0.558125,23.669375,77.17875000000001,1.5518750000000001,174.475625,152.439375,800.224375,28.096249999999998
2022-07-22,9.209166666666667,23.51375,0.2758333333333333,1.6179166666666667,1.8941666666666668,2.717083333333333,0.57125,20.532500000000002,87.17458333333333,1.4675,178.30583333333334,104.12041666666666,800.3291666666668,25.79041666666667
2022-07-23,11.454583333333334,28.765833333333333,0.27708333333333335,1.9433333333333334,2.2204166666666665,2.6570833333333335,0.6525,25.55333333333333,82.75,1.32875,184.1029166666667,150.44208333333333,800.1999999999999,27.04375
2022-07-24,7.935652173913042,19.982499999999998,0.2758333333333333,1.6104166666666666,1.88875,2.5708333333333333,0.6170833333333333,28.718333333333334,79.465,1.1241666666666668,177.58375,152.46458333333334,802.0616666666666,27.159166666666668
2022-07-25,6.509565217391304,16.550833333333333,0.2754166666666667,1.5675,1.8420833333333333,2.720833333333333,0.6520833333333333,27.28916666666667,82.28708333333333,1.2241666666666666,175.83333333333334,126.86041666666667,800.285,26.63875
2022-07-26,7.935217391304348,15.763333333333334,0.2733333333333334,1.4649999999999999,1.7379166666666668,2.5425,0.6283333333333333,20.19391304347826,83.48125,1.7783333333333333,204.06833333333336,142.21625,800.5458333333332,26.31125
2022-07-27,10.499166666666667,26.706666666666667,0.275,1.7375,2.0124999999999997,2.6916666666666664,0.5833333333333334,16.93916666666667,85.92,1.0920833333333333,161.48166666666665,86.79666666666667,800.3679166666666,25.061818181818182
2022-07-28,14.289583333333333,32.18541666666667,0.2754166666666667,1.6566666666666665,1.9295833333333334,2.64875,0.26958333333333334,26.504166666666666,82.41833333333334,1.51875,147.775,121.29375,800.17125,26.842916666666667
2022-07-29,8.834999999999999,19.586,0.27304347826086955,1.3095652173913044,1.5834782608695652,2.533913043478261,0.22956521739130437,36.6504347826087,86.23217391304347,1.798695652173913,147.28217391304347,91.71565217391304,800.3239130434783,25.96391304347826
2022-07-30,,,0.31,1.5,0.075,2.6,0.01125,,92.91,0.65,43.88,7.0625,800.16,25.04
2022-07-31,,,,,0.0,,0.0,,,,,0.0,,
2022-08-01,,,,,0.0,,0.0,,,,,0.0,,
2022-08-02,,,,,0.0,,0.0,,,,,0.0,,
2022-08-03,,,,,,,,,,,,,,
2022-08-04,6.150833333333334,27.189999999999998,0.28583333333333333,2.7175,2.7841666666666662,3.1758333333333333,0.24833333333333332,,85.39666666666666,1.0866666666666667,136.29833333333332,61.03583333333333,800.1633333333333,26.025000000000002
2022-08-05,12.155416666666667,33.77708333333333,0.27708333333333335,2.4179166666666667,2.6945833333333336,3.4654166666666666,0.425,,86.00625000000001,0.9033333333333333,198.61166666666668,86.10666666666667,800.1691666666666,25.9025
2022-08-06,15.844583333333333,36.913333333333334,0.27458333333333335,2.1145833333333335,2.3291666666666666,3.23625,0.3833333333333333,,79.24125,1.1416666666666666,162.51041666666666,141.94166666666666,800.1958333333333,27.33375
2022-08-07,10.992916666666666,20.99833333333333,0.2733333333333334,1.62,1.8904166666666666,2.8937500000000003,0.33125,,86.255,1.3695833333333332,176.02083333333334,96.02375,800.9416666666666,25.802916666666665
2022-08-08,10.129583333333334,32.352916666666665,0.2725,2.2279166666666668,2.5004166666666667,3.0500000000000003,0.4270833333333333,,77.57916666666667,0.8958333333333334,198.99791666666667,149.88541666666666,800.17,28.577083333333334
2022-08-09,11.748947368421051,30.82625,0.2708333333333333,1.7175,1.8970833333333335,3.1495833333333336,0.42874999999999996,,77.24458333333332,1.0754166666666667,194.32125,165.82541666666665,800.1845833333333,29.011666666666667
2022-08-10,12.979166666666666,29.24083333333333,0.275,1.7670833333333331,2.0404166666666668,3.1174999999999997,0.33791666666666664,,81.48625,1.2270833333333333,173.18458333333334,118.4575,802.7479166666667,27.847083333333334
2022-08-11,14.508000000000001,19.59888888888889,0.2817647058823529,1.996,1.8583333333333334,4.157058823529412,0.405,,80.54352941176471,1.1847058823529413,196.28058823529412,110.96611111111112,800.1811764705882,27.021176470588237
2022-08-12,9.26125,23.32041666666667,0.27458333333333335,1.5866666666666667,1.8595833333333334,3.33,0.33208333333333334,21.68,77.43291666666667,0.86875,189.81958333333333,145.34791666666666,800.1687499999999,27.502499999999998
2022-08-13,11.9,29.63625,0.2725,1.6320833333333333,1.9024999999999999,3.5500000000000003,0.35083333333333333,27.81142857142857,75.94875,0.9641666666666667,192.3791666666667,144.17625,800.1866666666666,28.594166666666666
2022-08-14,10.703478260869565,26.3575,0.2754166666666667,1.6283333333333332,1.9020833333333333,3.717083333333333,0.3383333333333333,25.425,82.22166666666666,1.4054166666666668,166.34333333333333,105.21999999999998,800.22375,27.129583333333333
2022-08-15,5.407916666666666,19.968333333333334,0.2708333333333333,1.6624999999999999,1.9325,3.05625,0.32208333333333333,,83.67625,1.0720833333333333,216.93875,88.55458333333333,800.19875,26.216250000000002
2022-08-16,7.648000000000001,23.889499999999998,0.2725,1.3025,1.5745,3.039,0.28700000000000003,21.044666666666668,76.0215,1.4140000000000001,167.251,157.8405,800.2125,28.274
2022-08-17,13.953684210526315,30.118000000000002,0.27458333333333335,1.3175000000000001,1.5920833333333333,3.1512499999999997,0.28708333333333336,23.77208333333333,75.65458333333333,1.3658333333333335,182.77083333333334,158.21291666666667,800.2366666666667,28.0575
2022-08-18,22.64869565217391,47.42416666666667,0.28125,1.7016666666666664,1.9445833333333333,3.643333333333333,0.3458333333333334,27.60083333333333,76.42,1.16875,201.44208333333333,114.70458333333333,800.2333333333332,28.323333333333334
2022-08-19,34.0725,52.24333333333333,0.3104166666666667,1.6504166666666666,1.95875,3.4279166666666665,0.3458333333333334,23.13875,80.96541666666667,2.0704166666666666,246.13,87.81708333333334,800.185,27.762916666666666
2022-08-20,15.359090909090908,27.951363636363634,0.3304166666666667,2.15625,2.4854166666666666,2.875833333333333,0.3625,35.052083333333336,87.81791666666668,1.4908333333333335,182.735,62.38333333333333,801.1854166666667,24.86
2022-08-21,12.139333333333333,29.44,0.346,3.1525,2.776666666666667,3.38,0.3933333333333333,35.1385,81.962,0.8119999999999999,175.0795,106.02583333333332,800.225,26.526
2022-08-22,14.202083333333334,30.930833333333336,0.3345833333333333,2.1945833333333336,2.5308333333333333,3.32375,0.17375,37.69583333333333,76.19916666666667,1.0379166666666666,174.05583333333334,129.85875,800.2395833333334,28.159166666666664
2022-08-23,16.862272727272728,36.56545454545455,0.3517391304347826,2.3204347826086957,2.6382608695652174,3.2778260869565217,0.1473913043478261,32.25086956521739,76.74043478260869,1.0469565217391303,172.64391304347825,139.35521739130436,800.2365217391304,28.624782608695654
2022-08-24,10.224761904761905,22.65409090909091,0.3179166666666667,1.635,1.95375,2.8716666666666666,0.12708333333333335,25.150833333333335,81.20791666666666,1.3975,182.9,136.14041666666665,800.34125,26.786666666666665
2022-08-25,11.18,30.509545454545457,0.3878260869565217,2.9213043478260867,3.3099999999999996,2.946521739130435,0.1891304347826087,27.283478260869565,77.79739130434783,0.93,189.13739130434783,157.79565217391306,800.1939130434782,28.03478260869565
2022-08-26,36.47272727272727,70.24090909090908,0.30363636363636365,2.810909090909091,3.112727272727273,3.6409090909090907,0.2072727272727273,46.68272727272727,74.72636363636364,2.450909090909091,250.9881818181818,116.83454545454546,800.2336363636364,29.453636363636363
2022-08-27,38.459583333333335,73.3475,0.31916666666666665,2.0083333333333333,2.3270833333333334,3.29875,0.19458333333333333,34.94541666666667,79.35416666666667,1.92375,226.77833333333334,138.10416666666666,800.22125,28.301666666666666
2022-08-28,35.39125,60.806666666666665,0.3183333333333333,1.8858333333333333,2.2033333333333336,3.059583333333333,0.20291666666666666,48.97125,82.35416666666667,1.2566666666666666,163.86583333333334,90.12124999999999,800.2241666666667,27.23875
2022-08-29,19.464166666666667,36.85958333333333,0.3429166666666667,2.9320833333333334,3.2745833333333336,2.6345833333333335,0.27875,49.272083333333335,87.8875,1.1354166666666667,162.24791666666667,63.0325,802.2575,25.343333333333334
2022-08-30,32.85090909090909,75.09909090909092,0.33409090909090905,2.505909090909091,2.5120833333333334,2.362727272727273,0.23458333333333334,53.79545454545455,80.43416666666667,1.2858333333333334,201.4154166666667,162.665,800.2004166666667,27.64708333333333
2022-08-31,35.54944444444445,69.99722222222222,0.32666666666666666,3.717222222222222,3.9705555555555554,2.343888888888889,0.27444444444444444,35.468333333333334,80.25444444444445,1.4633333333333334,166.16277777777776,165.31055555555554,800.215,27.77388888888889
2022-09-01,31.69608695652174,61.66434782608695,0.3325,4.052083333333333,4.375416666666667,2.34375,0.29958333333333337,46.022083333333335,81.95041666666667,1.1979166666666667,149.98749999999998,101.94333333333333,800.5183333333333,27.152083333333334
2022-09-02,37.13608695652174,67.62739130434782,0.33304347826086955,3.2069565217391305,3.4895652173913048,2.28,0.31173913043478263,60.27608695652174,83.15130434782608,1.128695652173913,153.4713043478261,94.99521739130434,800.16,26.55652173913043
2022-09-03,,,,,,,,,,,,,,
2022-09-04,,,,,,,,,,,,,,
2022-09-05,,,,,,,,,,,,,,
2022-09-06,,,,,,,,,,,,,,
2022-09-07,,,,,,,,,,,,,,
2022-09-08,40.31555555555556,86.66666666666667,0.29888888888888887,1.9055555555555554,1.984,2.2544444444444443,0.41,101.12111111111112,72.79777777777778,1.02,183.23444444444445,67.48100000000001,800.16,28.903333333333332
2022-09-09,32.13777777777778,61.53099999999999,0.298,2.2920000000000003,2.0191666666666666,3.054,0.32166666666666666,42.071000000000005,77.36699999999999,0.99,153.371,51.626666666666665,794.4680000000001,28.063
2022-09-10,18.975714285714286,30.57136363636364,0.28291666666666665,1.3129166666666667,1.5962500000000002,2.72,0.28791666666666665,67.77625,79.50916666666667,1.32625,166.56833333333333,125.71541666666667,800.1629166666667,26.68958333333333
2022-09-11,18.110434782608696,33.62304347826087,0.29,1.4441666666666666,1.7341666666666666,2.765833333333333,0.34,52.404583333333335,72.67791666666666,1.0574999999999999,182.72708333333333,149.73416666666665,800.1862500000001,27.548333333333332
2022-09-12,19.190833333333334,39.534166666666664,0.32125,1.805,2.125833333333333,2.890833333333333,0.4070833333333333,29.829166666666666,77.42291666666667,1.2675,212.12708333333333,137.94583333333333,800.2179166666666,26.72375
2022-09-13,14.85,28.992631578947368,0.38052631578947366,3.0589473684210526,3.441052631578947,2.6452631578947368,0.3873684210526316,53.91526315789473,74.20631578947369,1.4957894736842106,226.4336842105263,193.91,800.2194736842106,26.737894736842104
2022-09-14,15.473478260869564,28.98695652173913,0.35833333333333334,2.80125,3.15875,2.606666666666667,0.40875,86.99208333333333,84.41541666666667,1.1541666666666666,157.15541666666667,81.50666666666667,800.1908333333332,25.207916666666666
2022-09-15,8.576086956521738,18.114347826086956,0.41875,2.6491666666666664,3.06625,2.5779166666666664,0.38875,88.86833333333334,89.37041666666666,0.79625,174.6925,53.61708333333333,800.1958333333333,23.903750000000002
2022-09-16,8.846521739130434,19.39608695652174,0.44708333333333333,3.432916666666667,3.8808333333333334,2.5254166666666666,0.43375,87.1725,88.99416666666667,1.73375,241.29333333333332,54.64125000000001,804.71625,23.40125
2022-09-17,11.269411764705882,18.508947368421055,0.371578947368421,2.767894736842105,3.142105263157895,2.659473684210526,0.46473684210526317,79.08210526315789,83.88684210526317,1.1157894736842104,175.74263157894737,91.80894736842104,800.161052631579,24.638947368421054
2022-09-18,15.606666666666667,19.256666666666664,0.3033333333333333,1.7733333333333334,2.07,2.4033333333333333,0.37666666666666665,13.14,91.41666666666667,0.31,199.81000000000003,2.676666666666667,800.1733333333333,21.643333333333334
2022-09-19,19.888333333333332,37.50083333333333,0.3458333333333334,3.626666666666667,3.668461538461538,2.3058333333333336,0.43153846153846154,99.17416666666666,74.1425,1.4441666666666668,185.875,129.3753846153846,800.1816666666667,27.073333333333334
2022-09-20,11.42608695652174,23.36375,0.3983333333333334,2.1333333333333333,2.5316666666666667,2.1991666666666667,0.42291666666666666,120.64708333333334,80.91708333333334,1.1270833333333334,184.3925,129.35333333333332,800.6616666666667,25.961250000000003
2022-09-21,14.820434782608697,30.358695652173914,0.5375,3.2241666666666666,3.7558333333333334,2.2237500000000003,0.5104166666666666,123.32666666666667,82.83875,1.0970833333333332,192.9645833333333,102.65625,802.4316666666667,25.59875
2022-09-22,11.815384615384614,21.85846153846154,0.40538461538461534,3.1561538461538463,3.5623076923076926,2.2353846153846155,0.40076923076923077,80.86384615384615,90.07384615384616,0.7076923076923076,220.0046153846154,20.25923076923077,801.926923076923,23.72923076923077
2022-09-23,14.274347826086956,22.869583333333335,0.71625,3.723333333333333,4.430416666666667,2.32625,0.40208333333333335,44.81625,92.21499999999999,1.0470833333333334,214.34291666666664,42.78583333333333,800.1954166666666,23.345
2022-09-24,7.876363636363636,17.843333333333334,0.7308333333333333,3.6841666666666666,2.0845833333333332,2.2758333333333334,0.14958333333333335,29.6425,92.58583333333333,0.585,200.43166666666664,25.929166666666664,800.1866666666666,23.228333333333335
2022-09-25,,,,,0.0,,0.0,,,,,0.0,,
2022-09-26,,,,,0.0,,0.0,,,,,0.0,,
2022-09-27,,,,,0.0,,0.0,,,,,0.0,,
2022-09-28,5.51,,0.98,1.575,0.3377777777777778,2.335,0.09555555555555556,4.665,84.2375,0.3575,163.625,46.607777777777784,800.18,23.0125
2022-09-29,,,,,,,,,,,,,,
2022-09-30,30.536153846153848,56.86000000000001,0.3323076923076923,2.520769230769231,2.7800000000000002,2.3276923076923075,0.45615384615384613,54.93846153846154,72.02307692307691,1.3384615384615384,192.14846153846153,153.28923076923076,800.2346153846154,27.37153846153846
2022-10-01,31.637391304347826,63.113913043478256,0.4682608695652174,2.9130434782608696,3.382608695652174,2.371304347826087,0.4760869565217391,50.190000000000005,77.47434782608696,1.2060869565217391,172.17608695652174,135.15,800.2265217391304,25.188695652173916
2022-10-02,,,,,,,,,,,,,,
2022-10-03,27.47153846153846,,0.3415384615384615,2.4584615384615387,2.7984615384615386,2.3584615384615386,0.49538461538461537,73.53538461538461,67.61692307692307,1.5046153846153845,209.01307692307694,176.63,800.2392307692309,28.14923076923077
2022-10-04,27.26625,,0.45375000000000004,2.9716666666666662,3.42375,2.3754166666666667,0.5254166666666666,60.99458333333334,78.37208333333334,0.9508333333333333,180.12583333333336,117.0125,800.235,25.558333333333334
2022-10-05,32.85909090909091,107.82545454545453,0.41625,4.614583333333333,5.029583333333333,2.422083333333333,0.5554166666666667,88.52875,79.51875,1.5195833333333333,177.30791666666667,122.86500000000001,800.6854166666667,24.820833333333336
2022-10-06,21.927391304347825,40.014782608695654,0.38000000000000006,2.5691666666666664,2.9495833333333334,2.2895833333333333,0.48875,164.84625,81.05624999999999,1.5466666666666666,193.82416666666666,129.2875,800.3545833333334,23.386666666666667
2022-10-07,10.108695652173912,28.509565217391305,0.3765217391304348,2.650434782608696,3.026521739130435,2.237391304347826,0.4926086956521739,144.78173913043477,86.61521739130436,1.1043478260869564,196.45695652173913,79.6886956521739,800.2704347826087,22.907391304347826
2022-10-08,,,,,,,,,,,,,,
2022-10-09,,,,,,,,,,,,,,
2022-10-10,,,,,,,,,,,,,,
2022-10-11,19.282727272727275,87.515,0.44249999999999995,2.814166666666667,3.2558333333333334,2.353333333333333,0.6058333333333333,11.753333333333332,86.57333333333334,0.7741666666666666,177.35583333333332,80.7525,800.9775,22.458333333333332
2022-10-12,15.335217391304349,32.11391304347826,0.6091666666666666,3.3633333333333333,3.970833333333333,2.3962499999999998,0.5066666666666667,17.464166666666667,79.46166666666666,1.1158333333333335,212.18416666666667,132.92499999999998,800.2020833333332,21.902916666666666
2022-10-13,16.934285714285714,37.23761904761905,0.3982608695652174,2.9613043478260868,3.359130434782609,2.3308695652173914,0.29304347826086957,51.99826086956522,78.01652173913044,1.0304347826086957,196.99,149.48478260869567,800.2226086956522,22.48304347826087
2022-10-14,,,,,,,,,,,,,,
2022-10-15,,,0.29,2.21,0.06916666666666667,2.3,0.008333333333333333,68.56,45.89,0.1,13.55,13.4475,800.24,28.53
2022-10-16,,,,,0.0,,0.0,,,,,0.0,,
2022-10-17,,,,,0.0,,0.0,,,,,0.0,,
2022-10-18,,,,,0.0,,0.0,,,,,0.0,,
2022-10-19,,,,,0.0,,0.0,,,,,0.0,,
2022-10-20,,,,,0.0,,0.0,,,,,0.0,,
2022-10-21,,,,,0.0,,0.0,,,,,0.0,,
2022-10-22,48.736875,106.0875,0.37875,4.83875,5.21375,2.4375,0.600625,49.735625,66.11,0.886875,204.400625,177.85750000000002,800.24,22.758125
2022-10-23,47.40086956521739,74.48833333333333,0.32416666666666666,3.686666666666667,4.00875,2.325416666666667,0.5075,62.14124999999999,71.69,0.7599999999999999,184.10583333333332,134.01916666666668,800.2400000000001,20.335833333333333
2022-10-24,56.38363636363636,78.69416666666667,0.33916666666666667,3.7404166666666665,4.042916666666667,2.3520833333333333,0.3129166666666667,93.2275,64.13416666666667,1.0366666666666666,209.75333333333333,138.58374999999998,800.2400000000001,19.7275
2022-10-25,153.3375,196.94708333333332,0.545,5.590416666666667,6.133333333333333,2.9291666666666667,0.3666666666666667,91.96958333333333,71.25166666666667,0.84875,190.00208333333333,131.86666666666665,800.2400000000001,19.4575
2022-10-26,37.82521739130435,57.70217391304348,0.34478260869565214,2.7669565217391305,3.112173913043478,2.3682608695652174,0.35347826086956524,91.47434782608696,74.07347826086956,0.8956521739130435,177.64304347826086,134.37652173913042,800.24,19.99695652173913
2022-10-27,,,,,,,,,,,,,,
2022-10-28,,,,,,,,,,,,,,
2022-10-29,,,,,,,,,,,,,,
2022-10-30,,,,,,,,,,,,,,
2022-10-31,40.89333333333334,76.03333333333333,0.33166666666666667,3.2624999999999997,3.5433333333333334,2.4216666666666664,0.48500000000000004,48.80083333333334,71.37333333333333,1.0016666666666667,167.95916666666668,108.41666666666667,800.2400000000001,22.113333333333333
2022-11-01,43.899166666666666,77.24291666666666,0.42375,4.1691666666666665,4.591666666666667,2.427916666666667,0.5420833333333334,26.209166666666665,77.48041666666667,0.7454166666666667,181.79125,113.79583333333333,800.2508333333334,20.097916666666666
2022-11-02,54.37041666666667,96.03000000000002,0.40958333333333335,4.654166666666667,5.065833333333333,2.3979166666666667,0.58,28.364583333333332,76.60458333333334,1.02125,206.54791666666665,111.6025,800.2400000000001,20.089583333333334
2022-11-03,60.44708333333333,105.46666666666665,0.45208333333333334,4.6970833333333335,5.148333333333333,2.4225,0.6320833333333333,36.062916666666666,79.94625,0.7320833333333333,180.6258333333333,100.33458333333334,800.2400000000001,19.75875
2022-11-04,87.89541666666668,133.7525,0.45541666666666664,4.8999999999999995,5.355,2.589166666666667,0.7816666666666667,39.41416666666667,84.23791666666666,0.8858333333333334,163.28,91.53125,800.2525,19.469583333333333
2022-11-05,78.46124999999999,117.4425,0.48500000000000004,4.656666666666667,5.14125,2.580416666666667,0.73375,34.63166666666667,79.67333333333333,0.685,162.44166666666666,102.59166666666665,800.2400000000001,19.7925
2022-11-06,63.78916666666667,101.42833333333334,0.38916666666666666,4.4375,4.826666666666667,2.4783333333333335,0.7179166666666666,40.485,78.61541666666666,0.78375,166.70875,102.71708333333333,800.2400000000001,19.800416666666667
2022-11-07,62.09458333333333,104.9325,0.4795833333333333,4.9125000000000005,5.391666666666667,2.4458333333333333,0.7579166666666667,30.849166666666665,81.29,0.67,174.41583333333335,88.29625,800.2400000000001,19.40875
2022-11-08,80.91956521739131,125.22130434782609,0.4008695652173913,4.385652173913043,4.785652173913043,2.477826086956522,0.8304347826086957,29.63086956521739,83.12521739130435,0.7530434782608696,174.7786956521739,92.08217391304348,800.24,19.080434782608698
2022-11-09,81.16,150.715,0.995,5.199999999999999,0.75,2.83,0.095,25.1,63.72,1.845,167.66,36.41142857142857,800.24,22.189999999999998
2022-11-10,,,,,0.0,,0.0,,,,,0.0,,
2022-11-11,38.16571428571429,79.79642857142858,0.765,1.5664285714285715,1.2550000000000001,1.215,0.2283333333333333,25.509999999999998,63.615,0.955,194.09714285714287,71.85875,800.2464285714286,19.37
2022-11-12,,,,,,,,,,,,,,
2022-11-13,,,,,,,,,,,,,,
2022-11-14,36.31909090909091,81.64999999999999,0.6654545454545455,2.5327272727272727,3.1645454545454546,1.2690909090909093,0.5463636363636364,27.325454545454544,67.74636363636364,1.2672727272727273,200.60454545454547,42.02909090909091,800.2399999999999,18.921818181818182
2022-11-15,23.10909090909091,53.59636363636364,0.7169565217391305,1.098695652173913,1.8056521739130436,0.91,0.4056521739130435,23.01869565217391,73.56608695652174,0.8426086956521739,200.07478260869567,101.85739130434781,800.24,17.416086956521738
2022-11-16,53.69909090909091,90.76818181818182,0.6427272727272727,2.2427272727272727,2.64,1.268181818181818,0.5516666666666666,33.89909090909091,66.00818181818182,1.2163636363636365,201.07545454545453,72.91833333333334,800.2381818181819,17.155454545454546
2022-11-17,51.151250000000005,91.53458333333333,0.7091666666666666,1.6212499999999999,2.3291666666666666,1.0329166666666667,0.5545833333333333,30.890833333333333,76.02125,0.8191666666666667,200.57625,104.72291666666666,800.2395833333334,15.39125
2022-11-18,45.180416666666666,81.18458333333334,0.7291666666666666,1.45125,2.1795833333333334,1.03875,0.56625,28.29375,77.065,0.7966666666666667,190.83291666666665,105.20458333333335,800.2541666666666,16.074166666666667
2022-11-19,42.17916666666667,80.26625,0.7433333333333333,1.8308333333333333,2.57375,1.0220833333333335,0.62875,24.403750000000002,78.62458333333333,0.7745833333333333,207.61958333333334,99.26041666666667,800.2404166666666,16.40375
2022-11-20,40.130833333333335,74.14791666666666,0.7095833333333333,1.4804166666666667,2.1891666666666665,1.02,0.6437499999999999,24.249583333333334,77.24374999999999,0.8337500000000001,203.27291666666667,104.37124999999999,800.24125,16.84208333333333
2022-11-21,39.41041666666667,81.04708333333333,0.74375,1.57625,2.3204166666666666,0.945,0.6554166666666666,21.716250000000002,76.75666666666667,0.8933333333333334,199.4466666666667,101.64541666666666,800.2383333333333,16.332916666666666
2022-11-22,49.0975,90.08583333333333,0.7158333333333333,1.4229166666666666,2.13875,0.9341666666666667,0.6895833333333333,27.764583333333334,76.55041666666666,0.82375,195.5575,105.85666666666667,800.2395833333334,16.000416666666666
2022-11-23,50.89666666666667,93.18,0.7533333333333333,1.6025,2.3508333333333336,0.9545833333333333,0.7220833333333333,27.614583333333332,75.99166666666666,0.7395833333333334,193.60583333333332,105.90583333333332,800.2429166666667,15.717083333333333
2022-11-24,49.740833333333335,96.11916666666667,0.8041666666666667,1.5429166666666667,2.34625,0.9375,0.6120833333333333,25.615,77.08916666666666,0.8450000000000001,197.03666666666666,103.40666666666665,800.2400000000001,15.757083333333334
2022-11-25,46.627500000000005,94.3785,0.8234999999999999,1.5073684210526317,1.7783333333333333,1.0245,0.35625,28.988999999999997,77.11699999999999,0.9289999999999999,190.58499999999998,97.26125,800.24,16.841
2022-11-26,24.93,110.7,1.05,2.74,0.03958333333333333,1.6,0.005416666666666667,22.5,61.34,0.31,67.57,3.5500000000000003,800.24,19.2
2022-11-27,,,,,0.0,,0.0,,,,,0.0,,
2022-11-28,,,,,0.0,,0.0,,,,,0.0,,
2022-11-29,,,,,0.0,,0.0,,,,,0.0,,
2022-11-30,,,,,,,,,,,,,,
2022-12-01,,,,,,,,,,,,,,
2022-12-02,,,,,,,,,,,,,,
2022-12-03,,,,,,,,,,,,,,
2022-12-04,,,,,,,,,,,,,,
2022-12-05,114.01142857142858,167.56285714285715,0.6257142857142857,2.608571428571428,3.1342857142857143,0.9542857142857143,0.74,16.947142857142858,89.50428571428571,0.5671428571428571,150.60999999999999,0.6785714285714286,800.2571428571429,13.964285714285714
2022-12-06,78.81791666666668,122.78249999999998,0.8108333333333334,2.0329166666666665,2.8433333333333333,0.6925,0.5991666666666666,19.74083333333333,80.63583333333334,0.7325,193.60666666666665,74.16166666666668,800.4629166666667,14.67875
2022-12-07,62.925909090909094,97.21304347826087,0.7256521739130435,2.0230434782608695,2.6830434782608696,0.6430434782608696,0.5456521739130435,22.270869565217392,76.52434782608695,0.8917391304347827,198.7286956521739,79.3,800.2991304347827,14.273478260869567
2022-12-08,,,,,,,,,,,,,,
2022-12-09,43.48142857142857,83.5,0.7271428571428571,1.955,2.685714285714286,0.6371428571428571,0.5457142857142857,34.12571428571429,69.92285714285714,0.7371428571428572,192.815,104.09928571428573,800.2542857142856,17.837857142857143
2022-12-10,46.20083333333333,82.33833333333334,0.9458333333333333,2.405,3.3512500000000003,0.6195833333333334,0.6295833333333333,22.824583333333333,78.69916666666667,0.6141666666666666,197.37,75.18291666666667,800.3466666666667,14.984166666666667
2022-12-11,35.174166666666665,71.21791666666667,0.855,2.4104347826086956,3.1354166666666665,0.58375,0.5491666666666667,23.9225,69.70416666666667,0.67875,200.31791666666666,83.98833333333333,800.2391666666667,14.930833333333332
2022-12-12,32.66125,71.83416666666666,0.8725,2.0791666666666666,2.94125,0.5650000000000001,0.5545833333333333,26.351666666666663,67.34958333333333,0.6966666666666667,190.60083333333333,91.53208333333333,800.2395833333334,14.3225
2022-12-13,34.37208333333333,73.76583333333333,0.9375,2.0791666666666666,3.019166666666667,0.52,0.5870833333333333,27.16333333333333,69.24041666666666,0.8108333333333334,193.57291666666666,92.3025,800.2404166666666,13.76
2022-12-14,46.63826086956522,94.83217391304348,0.7986956521739131,2.5382608695652173,3.3378260869565217,0.5226086956521739,0.6713043478260871,28.885652173913044,70.63,0.6747826086956522,191.18826086956523,92.42782608695653,800.24,13.662608695652175
2022-12-15,60.010714285714286,107.64285714285714,0.6607142857142857,1.8442857142857143,2.5035714285714286,0.5292857142857142,0.71,39.88071428571429,68.45,1.0792857142857144,161.81071428571428,123.47857142857143,800.255,15.112857142857143
2022-12-16,78.09608695652175,115.51086956521739,0.8582608695652175,1.7382608695652175,2.595652173913044,0.5834782608695652,0.7960869565217391,24.40521739130435,80.75260869565217,0.6947826086956522,172.69086956521738,84.7995652173913,800.3434782608696,12.76608695652174
2022-12-17,,,,,,,,,,,,,,
2022-12-18,,,,,,,,,,,,,,
2022-12-19,,,,,,,,,,,,,,
2022-12-20,,,,,,,,,,,,,,
2022-12-21,,,,,,,,,,,,,,
2022-12-22,,,,,,,,,,,,,,
2022-12-23,47.44333333333333,74.45083333333334,0.6691666666666666,2.6358333333333333,3.299166666666667,1.1191666666666666,0.4725,51.9025,54.07833333333334,1.5675,170.7125,99.13,800.2400000000001,13.305
2022-12-24,65.7925,110.13041666666668,0.71625,2.402083333333333,3.1183333333333336,0.8741666666666666,0.5195833333333334,29.4575,70.61958333333332,0.8270833333333334,202.39916666666667,72.11541666666666,800.2420833333334,11.849583333333333
2022-12-25,101.73583333333333,151.95541666666668,0.7470833333333333,2.544166666666667,3.2908333333333335,0.9237500000000001,0.7225,24.991666666666664,78.28708333333334,0.7370833333333334,206.26125,82.4125,800.2675,12.396666666666667
2022-12-26,96.74374999999999,137.52791666666667,0.8795833333333333,2.6820833333333334,3.5583333333333336,0.9616666666666666,0.7987500000000001,21.571250000000003,79.48958333333333,0.7908333333333334,188.5575,83.08041666666666,800.25,12.890833333333333
2022-12-27,108.63208333333334,166.17208333333335,0.8116666666666666,2.9408333333333334,3.75,0.99625,0.93375,20.599166666666665,77.28750000000001,1.0833333333333333,216.09416666666667,95.67708333333333,800.3554166666667,12.21625
2022-12-28,99.91125,148.65041666666667,0.795,2.8362499999999997,3.6320833333333336,1.0720833333333333,0.9491666666666667,21.55875,79.65875,0.9900000000000001,198.99249999999998,91.37708333333335,808.59375,11.555416666666666
2022-12-29,144.755,188.1475,0.7954166666666667,3.2954166666666667,4.09,1.1829166666666666,0.9587500000000001,16.604166666666668,85.70333333333333,0.8058333333333333,161.80375,36.647083333333335,800.2520833333333,10.392916666666666
2022-12-30,86.13166666666666,116.39041666666667,0.8937499999999999,2.6725,3.56625,1.0958333333333334,0.7270833333333333,14.949583333333335,83.46458333333334,0.7487499999999999,182.39791666666667,64.90541666666667,800.2804166666666,12.045
2022-12-31,95.33652173913042,141.58761904761906,0.9265217391304347,3.2609523809523813,3.5225000000000004,1.2956521739130435,0.7195833333333334,21.07304347826087,81.17416666666666,1.2025,213.91666666666666,91.63833333333334,800.3104166666667,12.180416666666666
2023-01-01,131.15333333333334,171.47875,0.7525,2.5858333333333334,3.340833333333333,1.23625,0.8791666666666668,25.570833333333336,87.31083333333333,0.895,186.92375,62.01,800.4545833333333,11.265
2023-01-02,82.3204347826087,117.88899999999998,0.7768181818181819,2.144285714285714,2.56625,1.3513043478260869,0.76625,20.49478260869565,84.98583333333333,0.8633333333333333,192.8658333333333,87.66708333333332,807.2429166666667,11.150416666666667
2023-01-03,69.56913043478261,98.78304347826088,0.8521739130434783,1.9386956521739132,2.78695652173913,1.1282608695652174,0.7704347826086956,19.27,82.81,0.8191304347826087,209.4086956521739,90.3991304347826,805.0165217391304,10.23304347826087
2023-01-04,,,,,,,,,,,,,,
2023-01-05,105.67909090909092,136.11909090909091,0.7100000000000001,3.37,3.7408333333333332,1.25,0.9433333333333334,30.570000000000004,75.05,1.3545454545454545,194.25636363636366,71.27416666666666,800.3581818181818,12.225454545454546
2023-01-06,103.73,134.06,0.79,3.88,4.67,1.21,1.35,1.5,97.61,1.0,191.96,6.83,801.0,6.58
2023-01-07,,,,,,,,,,,,,,
2023-01-08,,,,,,,,,,,,,,
2023-01-09,,,,,,,,,,,,,,
2023-01-10,105.92699999999999,172.841,0.6849999999999999,4.0200000000000005,4.274545454545454,1.208,1.2145454545454546,30.032,74.579,1.8010000000000002,237.958,48.11363636363637,800.3520000000001,14.021
2023-01-11,114.32416666666666,153.19125,0.9666666666666667,4.53875,5.5058333333333325,1.2475,1.5287499999999998,15.136249999999999,87.77166666666666,1.3154166666666667,178.96916666666667,54.263749999999995,804.1670833333333,10.572916666666666
2023-01-12,113.45,155.81333333333333,0.8666666666666667,2.9066666666666667,2.262,1.3066666666666666,0.958,1.4400000000000002,92.638,0.758,176.39000000000001,0.9019999999999999,800.2059999999999,10.001999999999999
2023-01-13,,,,,,,,,,,,,,
2023-01-14,56.81214285714286,162.1623076923077,3.245,4.430833333333333,5.792857142857144,2.6364285714285716,1.4514285714285715,23.505714285714284,78.40714285714286,2.2635714285714283,260.05785714285713,121.26928571428572,800.2357142857143,15.105
2023-01-15,52.03125,141.17708333333334,1.115,2.0820833333333333,3.16625,0.6404166666666666,0.9895833333333334,24.280833333333334,83.10416666666667,1.7458333333333333,250.73375,79.38291666666667,800.2408333333333,12.86
2023-01-16,56.36333333333334,140.63,0.6266666666666666,2.955,3.5833333333333335,0.5533333333333333,0.9166666666666666,23.866666666666664,85.135,0.7983333333333333,225.33333333333334,0.9899999999999999,800.2400000000001,10.418333333333333
2023-01-17,,,,,,,,,,,,,,
2023-01-18,,,,,,,,,,,,,,
2023-01-19,,,,,,,,,,,,,,
2023-01-20,,,,,,,,,,,,,,
2023-01-21,,,,,,,,,,,,,,
2023-01-22,,,,,,,,,,,,,,
2023-01-23,36.84428571428571,94.41571428571429,0.9571428571428572,3.6671428571428573,4.622857142857143,0.4228571428571429,1.1442857142857144,30.204285714285714,74.55571428571429,0.7314285714285714,148.0442857142857,13.884285714285715,800.24,13.985714285714286
2023-01-24,24.625833333333333,78.2225,0.9883333333333333,2.658333333333333,3.6441666666666666,0.4066666666666667,1.0216666666666667,44.72416666666666,71.07166666666667,2.3275,184.5716666666667,98.96249999999999,800.2375000000001,16.666666666666668
2023-01-25,20.00916666666667,48.39791666666667,0.82875,1.5912499999999998,2.4175,0.35791666666666666,1.0141666666666667,30.176666666666666,83.89999999999999,1.46375,187.89499999999998,83.18041666666666,812.0970833333334,15.300416666666665
2023-01-26,28.677083333333332,81.61083333333333,0.7504166666666666,1.8675,2.61125,0.3179166666666667,1.0520833333333333,23.828333333333333,79.86125,1.6333333333333335,252.21041666666667,105.97458333333333,801.14875,15.536666666666667
2023-01-27,45.1,103.51,0.69,2.5,3.19,0.23,1.22,6.32,98.31,1.52,278.21,4.84,850.96,11.9
2023-01-28,,,,,,,,,,,,,,
2023-01-29,,,,,,,,,,,,,,
2023-01-30,,,,,,,,,,,,,,
2023-01-31,,,,,,,,,,,,,,
2023-02-01,28.229090909090907,113.19090909090909,1.019090909090909,3.955454545454545,4.916363636363636,0.49272727272727274,1.2472727272727273,29.319090909090907,68.82,1.8818181818181818,244.0390909090909,95.0590909090909,800.2427272727273,17.525454545454547
2023-02-02,29.339166666666667,95.1375,1.2475,2.8008333333333333,4.04875,0.46458333333333335,1.2375,27.783749999999998,75.58375,1.1883333333333332,196.57458333333332,117.24416666666667,800.2870833333333,14.96625
2023-02-03,43.818695652173915,123.34652173913045,1.2878260869565217,2.3734782608695655,3.6591304347826084,0.5226086956521739,1.3869565217391304,29.700434782608696,78.66130434782609,1.011304347826087,189.91260869565215,114.49913043478261,800.24,14.84
2023-02-04,,,,,,,,,,,,,,
2023-02-05,,,,,,,,,,,,,,
2023-02-06,,,,,,,,,,,,,,
2023-02-07,,,,,,,,,,,,,,
2023-02-08,22.858461538461537,100.90307692307692,1.169230769230769,0.40384615384615385,1.5123076923076924,0.32,1.2853846153846153,50.85923076923076,59.45769230769231,1.783076923076923,223.04538461538462,141.75153846153847,800.2415384615384,18.209230769230768
2023-02-09,26.689999999999998,93.21291666666667,0.93125,1.3257142857142856,1.9916666666666665,0.3095833333333333,0.9162499999999999,36.27708333333333,71.8525,0.8775,185.84666666666666,103.99666666666667,800.2400000000001,16.109583333333333
2023-02-10,25.893043478260868,91.02869565217391,0.6969565217391305,1.672608695652174,2.367826086956522,0.2882608695652174,0.4008695652173913,45.68695652173913,66.92826086956521,0.9539130434782609,162.88347826086957,101.71391304347826,800.24,17.63391304347826
2023-02-11,45.99583333333334,162.2125,0.6616666666666667,1.8116666666666668,2.4325,0.5216666666666666,0.51,57.067499999999995,65.79166666666667,2.1708333333333334,231.26833333333332,105.02166666666666,800.2425,19.004166666666666
2023-02-12,17.594782608695652,86.97869565217391,0.68375,1.144782608695652,1.7158333333333333,0.2841666666666667,0.32166666666666666,37.697916666666664,60.61541666666667,2.1308333333333334,218.57375000000002,121.55458333333333,800.23875,13.350416666666668
2023-02-13,18.881666666666664,89.00041666666668,0.6941666666666667,2.0295833333333335,2.7245833333333334,0.25833333333333336,0.4075,44.250416666666666,61.76083333333333,1.1133333333333333,202.20291666666665,127.29708333333333,800.2558333333333,12.533333333333333
2023-02-14,34.44875,121.64458333333333,0.6695833333333333,2.0075,2.67625,0.28458333333333335,0.5691666666666667,49.86208333333334,70.47500000000001,1.0258333333333334,196.01541666666665,111.73041666666666,800.2400000000001,13.779166666666667
2023-02-15,47.1325,146.52166666666668,0.6925,1.9395833333333332,2.6300000000000003,0.3925,0.7383333333333333,59.89541666666667,74.06625,1.1679166666666667,163.28,113.82166666666667,800.2404166666666,15.154166666666667
2023-02-16,40.37208333333333,131.62583333333333,0.7254166666666667,2.0229166666666667,2.748333333333333,0.39458333333333334,0.7316666666666666,52.33875,71.7975,0.81625,178.845,110.33,800.2400000000001,16.659166666666668
2023-02-17,30.826666666666668,114.15583333333332,0.7154166666666667,2.3195833333333336,3.035,0.5983333333333333,0.63875,45.30583333333333,70.88833333333334,0.7570833333333334,206.40958333333333,94.47541666666666,800.2404166666666,17.179166666666667
2023-02-18,32.89333333333334,97.71916666666665,0.6870833333333334,1.485,2.1679166666666667,0.8975,0.5179166666666667,54.46083333333333,69.35916666666667,0.8108333333333334,178.63041666666666,120.90291666666667,800.2433333333333,17.947916666666668
2023-02-19,47.854166666666664,140.74875,0.685,1.66625,2.350416666666667,1.0854166666666667,0.6704166666666667,62.3125,74.01583333333333,0.8641666666666666,177.77875000000003,108.705,800.2408333333333,18.069583333333334
2023-02-20,47.123333333333335,141.45416666666668,0.7266666666666667,2.0524999999999998,2.7775,1.0408333333333333,0.7179166666666666,53.315416666666664,69.72083333333333,0.66125,165.97291666666666,109.97166666666668,800.245,19.55875
2023-02-21,36.75875,123.41958333333334,0.7845833333333334,2.09125,2.872916666666667,1.0329166666666667,0.6291666666666667,62.64458333333334,64.175,1.3499999999999999,175.99541666666667,118.21958333333333,800.2824999999999,20.057916666666667
2023-02-22,19.97791666666667,65.76833333333333,0.7104166666666667,2.3754166666666667,3.0862499999999997,0.6470833333333333,0.5154166666666666,38.99666666666666,64.81125,1.2183333333333333,209.5775,127.86500000000001,800.2504166666666,17.536666666666665
2023-02-23,19.551666666666666,74.88458333333334,0.7466666666666667,2.0308333333333333,2.7741666666666664,0.6504166666666666,0.4979166666666666,40.9675,59.71791666666667,1.2045833333333333,200.27958333333333,142.10333333333332,800.2508333333334,17.80125
2023-02-24,22.998333333333335,91.91291666666666,0.7604166666666666,2.3525,3.1125000000000003,0.8925,0.5579166666666667,48.26583333333334,61.065416666666664,1.2741666666666667,202.95166666666668,139.20166666666668,800.25375,17.91
2023-02-25,27.490416666666665,96.28458333333333,0.7283333333333334,2.1720833333333336,2.9012499999999997,0.8591666666666667,0.62625,55.36541666666667,61.602916666666665,1.1608333333333334,191.27791666666667,133.34041666666667,800.2520833333333,18.050833333333333
2023-02-26,34.35666666666666,109.08583333333333,0.7108333333333333,1.9879166666666668,2.700416666666667,1.1354166666666667,0.705,64.57583333333334,63.06625,1.03125,181.22,126.76791666666666,800.2529166666667,18.500833333333333
2023-02-27,31.13291666666667,108.39875,0.7320833333333333,1.89625,2.6304166666666666,1.0645833333333334,0.6754166666666667,55.84791666666666,62.40166666666667,1.3458333333333332,201.26916666666668,131.44541666666666,800.2575,18.71708333333333
2023-02-28,21.252916666666668,95.39916666666666,0.7679166666666667,1.8812499999999999,2.6504166666666666,0.6833333333333332,0.6054166666666666,42.441250000000004,53.47208333333333,1.8758333333333332,205.17,115.94625,800.2695833333333,19.038333333333334
2023-03-01,12.768749999999999,68.1275,0.755,1.4654166666666668,2.2175,0.6345833333333334,0.5145833333333333,42.84625,49.49583333333334,1.8025,216.70791666666665,130.09291666666667,800.2620833333334,19.704583333333336
2023-03-02,14.907916666666667,73.60041666666667,0.7920833333333333,1.8970833333333335,2.6824999999999997,0.7770833333333332,0.6041666666666666,45.03666666666667,53.37875,1.73625,208.4608333333333,145.10375,800.2733333333334,19.690416666666668
2023-03-03,15.780833333333334,77.47416666666668,0.8041666666666667,2.0100000000000002,2.8141666666666665,0.9645833333333332,0.6270833333333333,41.65291666666666,53.01291666666666,2.1662500000000002,212.65875000000003,144.085,800.28375,20.294999999999998
2023-03-04,16.28875,74.43875,0.78375,1.7320833333333334,2.51625,0.8320833333333333,0.62875,40.94083333333334,58.907916666666665,1.7379166666666668,212.7420833333333,145.72333333333333,800.2941666666666,19.941666666666666
2023-03-05,17.417083333333334,71.75875,0.7725,1.4133333333333333,2.185,1.06375,0.64125,45.943333333333335,59.812083333333334,1.6275000000000002,211.11666666666667,145.12375,800.2991666666667,19.551666666666666
2023-03-06,22.078333333333333,81.46625,0.7691666666666667,1.4158333333333333,2.1866666666666665,1.0029166666666667,0.6908333333333333,55.88166666666667,62.17583333333334,1.5308333333333335,204.32083333333333,142.42291666666668,800.2937499999999,19.228333333333335
2023-03-07,28.500833333333333,93.61166666666666,0.77875,1.5037500000000001,2.2849999999999997,0.9729166666666668,0.7505,58.79624999999999,64.73083333333334,1.2629166666666667,205.12666666666667,128.12291666666667,800.2933333333334,19.40791666666667
2023-03-08,30.29125,91.46333333333332,0.77,1.2054166666666666,1.97375,1.0041666666666667,,63.39625,63.382083333333334,1.3520833333333335,193.24,116.62083333333334,800.2820833333334,19.78375
2023-03-09,20.24875,66.62125,0.7870833333333334,1.1845833333333333,1.9620833333333334,0.8045833333333333,0.77,55.99375,57.250416666666666,1.3787500000000001,207.28583333333333,143.07041666666666,800.28125,19.328333333333333
2023-03-10,28.47083333333333,93.17583333333333,0.79,1.4904166666666665,2.28,1.1516666666666666,0.7825000000000001,65.97625000000001,62.46,1.4616666666666667,205.0875,141.1,800.2941666666667,20.36791666666667
2023-03-11,34.06125,110.46,0.8133333333333334,1.5541666666666665,2.36625,1.14875,0.8570833333333333,67.8225,66.27958333333333,1.26875,200.82208333333335,133.75833333333335,800.2991666666667,21.042916666666667
2023-03-12,43.87125,132.5625,0.8187500000000001,1.755,2.5749999999999997,1.60375,0.9608333333333334,67.98125,68.51416666666667,1.3245833333333332,190.59416666666667,123.51541666666667,800.3083333333334,21.4325
2023-03-13,36.50083333333333,121.02916666666665,0.8408333333333333,1.9695833333333335,2.8091666666666666,1.2316666666666667,0.9320833333333334,56.88625,65.45458333333333,1.08125,209.06791666666666,109.58749999999999,800.3116666666666,21.448333333333334
2023-03-14,26.11916666666667,91.455,0.83625,1.4525,2.2895833333333333,1.2470833333333333,0.8208333333333333,60.97875,59.31875,1.5483333333333331,204.71666666666667,138.42583333333332,800.3116666666666,21.724166666666665
2023-03-15,21.79041666666667,79.4425,0.8479166666666668,1.3770833333333332,2.2266666666666666,1.1695833333333334,0.5854166666666667,58.62875,60.17124999999999,1.5108333333333333,173.31375,152.50666666666666,800.3179166666667,20.892083333333332
2023-03-16,21.48875,102.26291666666667,0.8958333333333334,2.43125,3.32875,0.90125,0.4025,51.57958333333334,55.17416666666667,1.77625,185.43708333333333,124.45,800.31875,20.67875
2023-03-17,18.274583333333336,69.60375,0.8758333333333334,1.6554166666666665,2.521666666666667,0.7720833333333333,0.3433333333333333,59.649166666666666,56.84375,2.54625,179.1158333333333,144.75333333333333,800.3191666666667,20.187083333333334
2023-03-18,11.623750000000001,26.073333333333334,0.9445833333333332,1.635,2.5766666666666667,0.47541666666666665,0.34874999999999995,30.089166666666667,88.24874999999999,1.5004166666666665,189.68541666666667,40.17041666666667,801.7312499999999,15.807916666666666
2023-03-19,12.259583333333333,36.776666666666664,0.8891666666666667,0.9129166666666667,1.8008333333333333,0.4466666666666667,0.35083333333333333,40.90958333333333,71.72083333333333,1.3766666666666667,182.68541666666667,137.25208333333333,800.4354166666667,18.12666666666667
2023-03-20,16.106666666666666,51.49375,0.8958333333333334,1.26625,2.1625,0.4666666666666666,0.4083333333333334,39.018750000000004,80.22166666666666,1.8187499999999999,196.06833333333336,71.90041666666667,800.2508333333334,16.6525
2023-03-21,7.285416666666666,18.245217391304347,0.8962500000000001,0.9431818181818182,1.7254166666666666,0.34208333333333335,0.3745833333333333,27.436666666666667,89.48625,1.35375,204.37166666666667,61.38916666666666,806.355,15.115833333333333
2023-03-22,10.927916666666667,38.4,0.9220833333333333,0.9362499999999999,1.8554166666666667,0.3954166666666667,0.39666666666666667,34.86666666666667,75.55958333333334,1.3879166666666667,194.4525,149.35833333333332,800.7800000000001,17.819166666666668
2023-03-23,17.5525,71.06833333333334,0.9616666666666666,1.49,2.4525,0.51375,0.42416666666666664,46.96,68.95375,1.4400000000000002,210.69208333333333,156.94958333333332,800.2858333333334,19.285
2023-03-24,26.064166666666665,84.19333333333334,0.9175,1.5250000000000001,2.4283333333333332,0.73875,0.4920833333333334,47.99208333333333,69.17791666666666,1.49,173.39374999999998,112.71875,800.2704166666666,19.455833333333334
2023-03-25,13.790416666666665,40.06666666666667,0.9095833333333333,0.8922727272727272,1.6674999999999998,0.4708333333333334,0.3983333333333334,49.66041666666666,72.3125,2.2687500000000003,173.72375,101.59833333333334,804.9433333333333,19.297916666666666
2023-03-26,13.228333333333333,67.88791666666667,0.9079166666666666,0.86,1.4974999999999998,0.425,0.2916666666666667,54.66625,62.155833333333334,1.9408333333333332,220.93041666666667,157.45291666666665,800.29,18.968333333333334
2023-03-27,19.209583333333335,86.89166666666667,0.9162500000000001,1.2495833333333333,2.1454166666666667,0.93125,0.29041666666666666,60.180416666666666,63.065416666666664,1.5775,206.92708333333334,166.69208333333333,800.2870833333333,19.19125
2023-03-28,20.974999999999998,75.79083333333334,0.94875,1.1608333333333334,2.1033333333333335,0.7791666666666667,0.3441666666666667,65.07000000000001,63.00208333333333,1.4295833333333334,186.54208333333335,160.24041666666668,800.29625,20.079166666666666
2023-03-29,21.562916666666666,77.62458333333333,0.9162499999999999,1.5350000000000001,2.4491666666666667,0.7904166666666667,0.4033333333333333,65.815,59.66833333333333,1.4375,190.93916666666667,150.91541666666666,800.3079166666666,20.629166666666666
2023-03-30,18.97458333333333,83.96416666666667,0.9241666666666667,1.01625,1.9354166666666668,0.8258333333333333,0.3408333333333333,71.23958333333333,55.68666666666667,2.0191666666666666,193.5575,166.07583333333335,806.3325,22.190416666666668
2023-03-31,9.603333333333333,20.09208333333333,0.9458333333333333,1.135,2.0729166666666665,0.41583333333333333,0.365,34.30916666666666,90.8075,1.3391666666666666,166.34208333333333,26.109166666666667,805.7554166666667,15.6225
